﻿[{"type":"Folder","path":"/source/volumes/paperless_ngx_consume/","metahash":"iZex4IlCYVYl/DPX9DcMjZADKhqOOQ2UrxGd1fKm+Ws=","metasize":192,"metablockhash":"iZex4IlCYVYl/DPX9DcMjZADKhqOOQ2UrxGd1fKm+Ws="},{"type":"Folder","path":"/source/volumes/paperless_ngx_consume/_data/","metahash":"eh5JETsW47Dgsvd8F53MtHAwkjutyDa9q+gqIRp/w28=","metasize":158,"metablockhash":"eh5JETsW47Dgsvd8F53MtHAwkjutyDa9q+gqIRp/w28="},{"type":"Folder","path":"/source/volumes/paperless_ngx_data/","metahash":"WojhE/ZNdJHx4fjON8o4/lXYllqjE14oXNCsWvGfdG8=","metasize":192,"metablockhash":"WojhE/ZNdJHx4fjON8o4/lXYllqjE14oXNCsWvGfdG8="},{"type":"Folder","path":"/source/volumes/paperless_ngx_data/_data/","metahash":"b4BC+K7W4yMCe2vOe+sU5FfbbYq2ouYkkLDXKsfyLRA=","metasize":158,"metablockhash":"b4BC+K7W4yMCe2vOe+sU5FfbbYq2ouYkkLDXKsfyLRA="},{"type":"Folder","path":"/source/volumes/paperless_ngx_data/_data/index/","metahash":"UazLJlt5eu795MfTbUXE7OJSuV+hrMkb90EbsjPzXyk=","metasize":158,"metablockhash":"UazLJlt5eu795MfTbUXE7OJSuV+hrMkb90EbsjPzXyk="},{"type":"Folder","path":"/source/volumes/paperless_ngx_data/_data/log/","metahash":"pZrgb3RIgGmlpsKPgoOaVb+Ct+0Cr0rn1jpcZVPeCtw=","metasize":158,"metablockhash":"pZrgb3RIgGmlpsKPgoOaVb+Ct+0Cr0rn1jpcZVPeCtw="},{"type":"Folder","path":"/source/volumes/paperless_ngx_export/","metahash":"yyYc+3f+yM/fU8W59RiCiFZE4spy0MEvpUqjBfMPN8A=","metasize":192,"metablockhash":"yyYc+3f+yM/fU8W59RiCiFZE4spy0MEvpUqjBfMPN8A="},{"type":"Folder","path":"/source/volumes/paperless_ngx_export/_data/","metahash":"mMUcYQKt4adw0XKZv2yhDje/W2qMm2EiasiemaaEGSE=","metasize":158,"metablockhash":"mMUcYQKt4adw0XKZv2yhDje/W2qMm2EiasiemaaEGSE="},{"type":"Folder","path":"/source/volumes/paperless_ngx_media/","metahash":"mWEzcm5DtQccWsAIs6poqDY7hLcAY4ONUd6dFjLDvLI=","metasize":192,"metablockhash":"mWEzcm5DtQccWsAIs6poqDY7hLcAY4ONUd6dFjLDvLI="},{"type":"Folder","path":"/source/volumes/paperless_ngx_media/_data/","metahash":"qeeG87CBTI5jgGmmnDWnN7xOTzNvH8O8xPXRTgTaOFM=","metasize":158,"metablockhash":"qeeG87CBTI5jgGmmnDWnN7xOTzNvH8O8xPXRTgTaOFM="},{"type":"Folder","path":"/source/volumes/paperless_ngx_media/_data/documents/","metahash":"/igk1kSexoUac5T38mp78EUa2jwxH+xtE7avJ0ifR4A=","metasize":158,"metablockhash":"/igk1kSexoUac5T38mp78EUa2jwxH+xtE7avJ0ifR4A="},{"type":"Folder","path":"/source/volumes/paperless_ngx_media/_data/documents/archive/","metahash":"p7C83iuZvs/ojqGswGQNb3NBDnSyO3Ox+NFt4e6MRK4=","metasize":158,"metablockhash":"p7C83iuZvs/ojqGswGQNb3NBDnSyO3Ox+NFt4e6MRK4="},{"type":"Folder","path":"/source/volumes/paperless_ngx_media/_data/documents/originals/","metahash":"qeeG87CBTI5jgGmmnDWnN7xOTzNvH8O8xPXRTgTaOFM=","metasize":158,"metablockhash":"qeeG87CBTI5jgGmmnDWnN7xOTzNvH8O8xPXRTgTaOFM="},{"type":"Folder","path":"/source/volumes/paperless_ngx_media/_data/documents/thumbnails/","metahash":"p7C83iuZvs/ojqGswGQNb3NBDnSyO3Ox+NFt4e6MRK4=","metasize":158,"metablockhash":"p7C83iuZvs/ojqGswGQNb3NBDnSyO3Ox+NFt4e6MRK4="},{"type":"Folder","path":"/source/volumes/paperless_ngx_redisdata/","metahash":"SE/+BccOtb2T+57XjM6wJ3XP7/D9Lbh9Hk8INzYcFl8=","metasize":192,"metablockhash":"SE/+BccOtb2T+57XjM6wJ3XP7/D9Lbh9Hk8INzYcFl8="},{"type":"Folder","path":"/source/volumes/paperless_ngx_redisdata/_data/","metahash":"IETXd+V5tmAYHplD2jAznIEdj/YmtWgPs35riMbEm+M=","metasize":156,"metablockhash":"IETXd+V5tmAYHplD2jAznIEdj/YmtWgPs35riMbEm+M="},{"type":"File","path":"/source/volumes/paperless_ngx_data/_data/.index_version","hash":"Q1WkaxnTSNwvV8BG+O9j1FOOu5NgAPPJ7pVKJ0YN2GU=","size":2,"time":"20221109T083815Z","metahash":"yBGUwe7mZxswpkxxJ+Yf2wNgHKiibxSgKYSwJTqYYkk=","metasize":155},{"type":"File","path":"/source/volumes/paperless_ngx_data/_data/db.sqlite3","hash":"3s2cbwnC00CzJYIukc1rtsXzZcucc/tEuKKR/mXipMs=","size":385024,"time":"20221110T183141Z","metahash":"UgXK3/mqESg+kYXyDaEQfQM7Bhbz0c+vxbxnAP3J300=","metasize":147,"blocklists":["tzUl7dxsv3rqdvCbHGv/9rik/5stY2DdA/6CR8Ta3Qg="]},{"type":"File","path":"/source/volumes/paperless_ngx_data/_data/index/MAIN_WRITELOCK","hash":"47DEQpj8HBSa+/TImW+5JCeuQeRkm5NMpJWZG3hSuFU=","size":0,"time":"20221109T083815Z","metahash":"iiJ6uhDB/NIK5g9qF6LzP/myQ3GmNBC8Xx8EnJNEubA=","metasize":147},{"type":"File","path":"/source/volumes/paperless_ngx_data/_data/index/MAIN_cx8mtejdm3khehdu.seg","hash":"rWfGbbNigr0xXSscjbUEYwWMXyj9VS6QpBA28SEyQio=","size":24066,"time":"20221110T170357Z","metahash":"In4nHH32QBrD+/HKoh9GEfgZ5olmYbfdkOWgYqr3mB8=","metasize":147},{"type":"File","path":"/source/volumes/paperless_ngx_data/_data/index/MAIN_vbeudpztm4ek6n4k.seg","hash":"BdanW7Vz2JlRt8mHgBIDCAFjJgiOWWB4WEsRNAJXUZA=","size":22906,"time":"20221110T170329Z","metahash":"QLnjVFMj0+VkPmczyEAo6HKF20XavZ3XpkMIBKM45XQ=","metasize":147},{"type":"File","path":"/source/volumes/paperless_ngx_data/_data/index/_MAIN_2.toc","hash":"2UN1Nx3mhDyVo4LPslLzGpPGF2tyNHTfL/mQj5yMenY=","size":4629,"time":"20221110T183023Z","metahash":"W8EcauRFwAJzKB9Nove/YZJGOthlzVl0245yNx8k0/g=","metasize":147},{"type":"File","path":"/source/volumes/paperless_ngx_data/_data/index/_MAIN_5.toc","hash":"+TSiiGknphbk5fO4avMPxmnoqAarUoU2f6rKvedlUHc=","size":5075,"time":"20221110T170357Z","metahash":"eaxkoGnffxcjMYF/5BttYH3jrL44HoX2/1bkY1uc+OY=","metasize":147},{"type":"File","path":"/source/volumes/paperless_ngx_data/_data/log/.__paperless.lock","hash":"47DEQpj8HBSa+/TImW+5JCeuQeRkm5NMpJWZG3hSuFU=","size":0,"time":"20221110T170331Z","metahash":"wszKIgVxCvT8h3yWuczC+ZZs8maTBOolIbazHEZzpzc=","metasize":155},{"type":"File","path":"/source/volumes/paperless_ngx_data/_data/log/paperless.log","hash":"KhDlVkZ+l+551xZ+OWQB7T0x34PQdVAi/ZOn6xW3x+I=","size":7911,"time":"20221110T170331Z","metahash":"q72T2OFrO+dtHRcqh45F4M4f3mEuY5U95/lexw5iMYk=","metasize":147},{"type":"File","path":"/source/volumes/paperless_ngx_data/_data/migration_lock","hash":"47DEQpj8HBSa+/TImW+5JCeuQeRkm5NMpJWZG3hSuFU=","size":0,"time":"20221110T134627Z","metahash":"Nab+tKLY6hWogztzDNiFg9B62+NzEKy5Z+OEW1q+uqo=","metasize":147},{"type":"File","path":"/source/volumes/paperless_ngx_media/_data/documents/archive/0000001.pdf","hash":"DmkiRj8NRZp8Qj29C3Rdy4axbqls2S6+dbtymLr1AQ4=","size":155947,"time":"20221110T170329Z","metahash":"71uSHsXHscF063pcXLnRuMcR/FXSd/1I0UFWAJuCtz0=","metasize":147,"blocklists":["6ovt/dI9fvw1YEyeogXja2VDdO54ao9MRmqpoeaOEZo="]},{"type":"File","path":"/source/volumes/paperless_ngx_media/_data/documents/originals/0000001.png","hash":"JOraWHiFq2axjYBu2zOTzkQNSHaBhDrC7PZhlkJk4ec=","size":1146155,"time":"20221110T170329Z","metahash":"71uSHsXHscF063pcXLnRuMcR/FXSd/1I0UFWAJuCtz0=","metasize":147,"blocklists":["SOgUo5rFxIznvKbJybvrWH5/50MyAPN2XL7PZ4xULSE="]},{"type":"File","path":"/source/volumes/paperless_ngx_media/_data/documents/thumbnails/0000001.webp","hash":"/NK7K7QJF1V/mwHBm7pbEfPR949wB7HiSLGrXcjE/U4=","size":6490,"time":"20221110T170329Z","metahash":"71uSHsXHscF063pcXLnRuMcR/FXSd/1I0UFWAJuCtz0=","metasize":147},{"type":"File","path":"/source/volumes/paperless_ngx_media/_data/media.lock","hash":"47DEQpj8HBSa+/TImW+5JCeuQeRkm5NMpJWZG3hSuFU=","size":0,"time":"20221110T170357Z","metahash":"ruy7USR+giR4qefXCBt7r50eLUqvXAyMTh5t2QZkHm4=","metasize":147},{"type":"File","path":"/source/volumes/paperless_ngx_redisdata/_data/dump.rdb","hash":"jjCVvR+7nStpE1+gqIfJAsotCDC7WwKFtb5aQpDFSYU=","size":745,"time":"20221110T183704Z","metahash":"7/Vbj/tFuTG0PkZUP9BYF1WZcRzsuL96spKqnu88+Sg=","metasize":143}]