﻿[{"type":"Folder","path":"/source/volumes/homepage_config/","metahash":"YvH4U824lKk2osU52F2sgsG9qxZNRpnkw+bQU09wD7c=","metasize":192,"metablockhash":"YvH4U824lKk2osU52F2sgsG9qxZNRpnkw+bQU09wD7c="},{"type":"Folder","path":"/source/volumes/homepage_config/_data/","metahash":"6TDJhdu6xb+6yYOpxoge+tI31pZeXMuwixkY6Q/IDLs=","metasize":192,"metablockhash":"6TDJhdu6xb+6yYOpxoge+tI31pZeXMuwixkY6Q/IDLs="},{"type":"Folder","path":"/source/volumes/homepage_config/_data/logs/","metahash":"aHXcj/+D0DTDPwgVqLNQwjyBtHJz+OBpwNYwkBRu4Hc=","metasize":192,"metablockhash":"aHXcj/+D0DTDPwgVqLNQwjyBtHJz+OBpwNYwkBRu4Hc="},{"type":"File","path":"/source/volumes/homepage_config/_data/bookmarks.yaml","hash":"SdcUQmajjFB5IqyLHtX0N/SwBlE+ExOJ8JqlKS9LuIA=","size":372,"time":"20221108T195809Z","metahash":"dkux6JGSXpaw3YywoOk4IH2l+UIedGbaIbny8mFyf10=","metasize":189},{"type":"File","path":"/source/volumes/homepage_config/_data/docker.yaml","hash":"KsvFY2cYRDcxtsfluFeLP/m4Fc4YBWsvfOke3rIU49U=","size":218,"time":"20221108T194944Z","metahash":"O1xVZp/VxwZIGgc/lH6MKhzMzo3qAX0H3j2dNNanf8c=","metasize":189},{"type":"File","path":"/source/volumes/homepage_config/_data/logs/homepage.log","hash":"47DEQpj8HBSa+/TImW+5JCeuQeRkm5NMpJWZG3hSuFU=","size":0,"time":"20221108T195420Z","metahash":"Ad/kMS8f4og8o7uKgPLy7LyQZ7hYauVXnXdHh+EOc+E=","metasize":189},{"type":"File","path":"/source/volumes/homepage_config/_data/services.yaml","hash":"7fswVVOMMZNd6BUBuW2dzG4VmUyqdTmRDjIIoeDsBRA=","size":485,"time":"20221110T184225Z","metahash":"hfHp7BnzJ/uUWRMZ3/1o3d8zLMdlgQCkj2jmuhB+agM=","metasize":189},{"type":"File","path":"/source/volumes/homepage_config/_data/settings.yaml","hash":"YdGVS5q6DJrtuNEziAToF8cmLPw22pQWHauOPtejpDo=","size":2,"time":"20221108T195630Z","metahash":"S/wIOM6AAHlEneolcBt4ouqpT5yhpjxqHDShwFdQNtE=","metasize":189},{"type":"File","path":"/source/volumes/homepage_config/_data/widgets.yaml","hash":"v0LodqQtqx8wspyj1abj+kp83XgJHUUQPCOgfzp9J8U=","size":246,"time":"20221108T195715Z","metahash":"cBmkLymgJHoQPq+a5/fzJW7K34UOixyPl64zbwFPWdY=","metasize":189}]