﻿[{"type":"Folder","path":"/source/volumes/paperless_ngx_consume/","metahash":"iZex4IlCYVYl/DPX9DcMjZADKhqOOQ2UrxGd1fKm+Ws=","metasize":192,"metablockhash":"iZex4IlCYVYl/DPX9DcMjZADKhqOOQ2UrxGd1fKm+Ws="},{"type":"Folder","path":"/source/volumes/paperless_ngx_consume/_data/","metahash":"RbSARm+R2+1uQPLauW3mLPD7lPNKbgz7HIK1HD8+67E=","metasize":158,"metablockhash":"RbSARm+R2+1uQPLauW3mLPD7lPNKbgz7HIK1HD8+67E="},{"type":"Folder","path":"/source/volumes/paperless_ngx_data/","metahash":"WojhE/ZNdJHx4fjON8o4/lXYllqjE14oXNCsWvGfdG8=","metasize":192,"metablockhash":"WojhE/ZNdJHx4fjON8o4/lXYllqjE14oXNCsWvGfdG8="},{"type":"Folder","path":"/source/volumes/paperless_ngx_data/_data/","metahash":"37+BFP4znj+ViKadzxba/DbwhZ9pK/+fEW7h+mpDFHA=","metasize":158,"metablockhash":"37+BFP4znj+ViKadzxba/DbwhZ9pK/+fEW7h+mpDFHA="},{"type":"Folder","path":"/source/volumes/paperless_ngx_data/_data/index/","metahash":"ojjVMcLJ7Ab039BGRuEBgMoPpDb0DEctiF+Txei1Ngc=","metasize":158,"metablockhash":"ojjVMcLJ7Ab039BGRuEBgMoPpDb0DEctiF+Txei1Ngc="},{"type":"Folder","path":"/source/volumes/paperless_ngx_data/_data/log/","metahash":"pZrgb3RIgGmlpsKPgoOaVb+Ct+0Cr0rn1jpcZVPeCtw=","metasize":158,"metablockhash":"pZrgb3RIgGmlpsKPgoOaVb+Ct+0Cr0rn1jpcZVPeCtw="},{"type":"Folder","path":"/source/volumes/paperless_ngx_export/","metahash":"yyYc+3f+yM/fU8W59RiCiFZE4spy0MEvpUqjBfMPN8A=","metasize":192,"metablockhash":"yyYc+3f+yM/fU8W59RiCiFZE4spy0MEvpUqjBfMPN8A="},{"type":"Folder","path":"/source/volumes/paperless_ngx_export/_data/","metahash":"mMUcYQKt4adw0XKZv2yhDje/W2qMm2EiasiemaaEGSE=","metasize":158,"metablockhash":"mMUcYQKt4adw0XKZv2yhDje/W2qMm2EiasiemaaEGSE="},{"type":"Folder","path":"/source/volumes/paperless_ngx_media/","metahash":"mWEzcm5DtQccWsAIs6poqDY7hLcAY4ONUd6dFjLDvLI=","metasize":192,"metablockhash":"mWEzcm5DtQccWsAIs6poqDY7hLcAY4ONUd6dFjLDvLI="},{"type":"Folder","path":"/source/volumes/paperless_ngx_media/_data/","metahash":"RbSARm+R2+1uQPLauW3mLPD7lPNKbgz7HIK1HD8+67E=","metasize":158,"metablockhash":"RbSARm+R2+1uQPLauW3mLPD7lPNKbgz7HIK1HD8+67E="},{"type":"Folder","path":"/source/volumes/paperless_ngx_media/_data/documents/","metahash":"/igk1kSexoUac5T38mp78EUa2jwxH+xtE7avJ0ifR4A=","metasize":158,"metablockhash":"/igk1kSexoUac5T38mp78EUa2jwxH+xtE7avJ0ifR4A="},{"type":"Folder","path":"/source/volumes/paperless_ngx_media/_data/documents/archive/","metahash":"SGJXmAHV4wzY2ZoWTM8aQku+FJ/EGxIFOZzqv0bmNkM=","metasize":158,"metablockhash":"SGJXmAHV4wzY2ZoWTM8aQku+FJ/EGxIFOZzqv0bmNkM="},{"type":"Folder","path":"/source/volumes/paperless_ngx_media/_data/documents/originals/","metahash":"ojjVMcLJ7Ab039BGRuEBgMoPpDb0DEctiF+Txei1Ngc=","metasize":158,"metablockhash":"ojjVMcLJ7Ab039BGRuEBgMoPpDb0DEctiF+Txei1Ngc="},{"type":"Folder","path":"/source/volumes/paperless_ngx_media/_data/documents/thumbnails/","metahash":"I15EAugEXzucxRs8JgeJh/6n6wjeOKDbQ/tDu5ZjiM4=","metasize":158,"metablockhash":"I15EAugEXzucxRs8JgeJh/6n6wjeOKDbQ/tDu5ZjiM4="},{"type":"Folder","path":"/source/volumes/paperless_ngx_redisdata/","metahash":"SE/+BccOtb2T+57XjM6wJ3XP7/D9Lbh9Hk8INzYcFl8=","metasize":192,"metablockhash":"SE/+BccOtb2T+57XjM6wJ3XP7/D9Lbh9Hk8INzYcFl8="},{"type":"Folder","path":"/source/volumes/paperless_ngx_redisdata/_data/","metahash":"Exrawb7reLkxMF+DJJ0hES9cQBCpDnstOsEFIVFBvoY=","metasize":156,"metablockhash":"Exrawb7reLkxMF+DJJ0hES9cQBCpDnstOsEFIVFBvoY="},{"type":"File","path":"/source/volumes/paperless_ngx_data/_data/.index_version","hash":"Q1WkaxnTSNwvV8BG+O9j1FOOu5NgAPPJ7pVKJ0YN2GU=","size":2,"time":"20221109T083815Z","metahash":"yBGUwe7mZxswpkxxJ+Yf2wNgHKiibxSgKYSwJTqYYkk=","metasize":155},{"type":"File","path":"/source/volumes/paperless_ngx_data/_data/db.sqlite3","hash":"bZ5MruvI1MLIkpINz/BEMzL+hjJOCevcc7Qkqw+OPms=","size":843776,"time":"20221121T034828Z","metahash":"QFMLux9nc14N6fFjPdyrAY+MiT39SsJp1JcGpY5RI3k=","metasize":147,"blocklists":["1zCicKijsY94q43kK6EBeDY1+C6dG57rjj1Qjd3Kw+s="]},{"type":"File","path":"/source/volumes/paperless_ngx_data/_data/index/MAIN_96js6g4v6olg01jp.seg","hash":"W39MZ8c1X4F83HLKPuGW3NT/cluaJjir7Bfr/+QtwnA=","size":1091576,"time":"20221121T034410Z","metahash":"6afuROyP06s4LhYPwdSoPBk0s5UpS2hVQdJDmFsa6Hw=","metasize":147,"blocklists":["I4indClqcDpCctC6iiMJJFwKoYIyquStOMNjiQ/C22s="]},{"type":"File","path":"/source/volumes/paperless_ngx_data/_data/index/MAIN_WRITELOCK","hash":"47DEQpj8HBSa+/TImW+5JCeuQeRkm5NMpJWZG3hSuFU=","size":0,"time":"20221109T083815Z","metahash":"iiJ6uhDB/NIK5g9qF6LzP/myQ3GmNBC8Xx8EnJNEubA=","metasize":147},{"type":"File","path":"/source/volumes/paperless_ngx_data/_data/index/MAIN_o7lz3e8fiqc41xe0.seg","hash":"zXUB4AEBtQyhphXBnGsY4cU563cKfyTKuUfNuyLtw2Y=","size":24066,"time":"20221120T143409Z","metahash":"ij5tLysaEm1VZMLPrmOLacwOMp39TT72WCVt+FzF7GE=","metasize":147},{"type":"File","path":"/source/volumes/paperless_ngx_data/_data/index/_MAIN_14.toc","hash":"F+02cwMqTdvo4AkRrLF9S6SzFcr4fjhSsoDoFYlUa30=","size":5071,"time":"20221121T034410Z","metahash":"6afuROyP06s4LhYPwdSoPBk0s5UpS2hVQdJDmFsa6Hw=","metasize":147},{"type":"File","path":"/source/volumes/paperless_ngx_data/_data/log/.__paperless.lock","hash":"47DEQpj8HBSa+/TImW+5JCeuQeRkm5NMpJWZG3hSuFU=","size":0,"time":"20221121T034934Z","metahash":"rcujWfZNJfyO1y8MGJeAICPTXVw82jax01IK1R6ZJpA=","metasize":155},{"type":"File","path":"/source/volumes/paperless_ngx_data/_data/log/paperless.log","hash":"yPUL68RPreqBEcNPyHIillb8B7PTWlFqIhVDYsLyBjc=","size":14562,"time":"20221121T034934Z","metahash":"Si2x8Bg3m53xm44HlmytRBJHmU0JW87Y/5DIUu82hEw=","metasize":147},{"type":"File","path":"/source/volumes/paperless_ngx_data/_data/migration_lock","hash":"47DEQpj8HBSa+/TImW+5JCeuQeRkm5NMpJWZG3hSuFU=","size":0,"time":"20221120T171609Z","metahash":"I08cmTbg3pQXfuN7KzlFk15Dy3KKMXeRRwAV1b7f3co=","metasize":147},{"type":"File","path":"/source/volumes/paperless_ngx_media/_data/documents/archive/0000001.pdf","hash":"DmkiRj8NRZp8Qj29C3Rdy4axbqls2S6+dbtymLr1AQ4=","size":155947,"time":"20221110T170329Z","metahash":"71uSHsXHscF063pcXLnRuMcR/FXSd/1I0UFWAJuCtz0=","metasize":147,"blocklists":["6ovt/dI9fvw1YEyeogXja2VDdO54ao9MRmqpoeaOEZo="]},{"type":"File","path":"/source/volumes/paperless_ngx_media/_data/documents/archive/0000002.pdf","hash":"6j8XNEEbRqbrRuW8GefuF7TVRgS15kkMk7nwVheaCQ0=","size":1854631,"time":"20221121T034410Z","metahash":"gfIw6BST50Hr9kTQW39sDN+deCFl5gpybUdm2y6UINg=","metasize":147,"blocklists":["rPqbZNjERIMxRLFZy9uOeJeioTzQD03AzTBBsKoRWXY="]},{"type":"File","path":"/source/volumes/paperless_ngx_media/_data/documents/originals/0000001.png","hash":"JOraWHiFq2axjYBu2zOTzkQNSHaBhDrC7PZhlkJk4ec=","size":1146155,"time":"20221110T170329Z","metahash":"71uSHsXHscF063pcXLnRuMcR/FXSd/1I0UFWAJuCtz0=","metasize":147,"blocklists":["SOgUo5rFxIznvKbJybvrWH5/50MyAPN2XL7PZ4xULSE="]},{"type":"File","path":"/source/volumes/paperless_ngx_media/_data/documents/originals/0000002.pdf","hash":"/be4x8ZvZ8ip2/ynh5E/YvduhkiUNDMPgwMAxg9j6ck=","size":2203490,"time":"20221121T034410Z","metahash":"zQ8qvri357HJgp2Gjrv4v0YgdE3hfmSiqOYINHdRews=","metasize":147,"blocklists":["YGX5hSAApLE9khRLa1lSlrEmT83X7B4B96nNxF7NvkA="]},{"type":"File","path":"/source/volumes/paperless_ngx_media/_data/documents/thumbnails/0000001.webp","hash":"/NK7K7QJF1V/mwHBm7pbEfPR949wB7HiSLGrXcjE/U4=","size":6490,"time":"20221110T170329Z","metahash":"71uSHsXHscF063pcXLnRuMcR/FXSd/1I0UFWAJuCtz0=","metasize":147},{"type":"File","path":"/source/volumes/paperless_ngx_media/_data/documents/thumbnails/0000002.webp","hash":"KESyW3MP/cpz+778DashKqhcwiNO5gzu81rAgAIpGRE=","size":19392,"time":"20221121T034410Z","metahash":"RWtnO7BlqidL6IanfRrhFk8f63Ezgy3BAzzuw2gmH2E=","metasize":147},{"type":"File","path":"/source/volumes/paperless_ngx_media/_data/media.lock","hash":"47DEQpj8HBSa+/TImW+5JCeuQeRkm5NMpJWZG3hSuFU=","size":0,"time":"20221121T034410Z","metahash":"fwzGv7OW5cIc7lDLf3lZXobi3mNo6phm6fyJ+cz+Z9k=","metasize":147},{"type":"File","path":"/source/volumes/paperless_ngx_redisdata/_data/dump.rdb","hash":"+6RSkbqffU1z5tO/CtpiXyHmkU/WRpsWDFdGvzHZXW8=","size":88,"time":"20221121T034937Z","metahash":"6Ru4avd1WnRzQZ7u1Bjv8ZzRAlAAHZUoWqwKehV5aQ8=","metasize":143}]