﻿[{"type":"Folder","path":"/source/volumes/kanboard_data/","metahash":"B1F3SuNd6ezyz9evahZ/pQd47DR7WUlh3DFqjw2g4KA=","metasize":192,"metablockhash":"B1F3SuNd6ezyz9evahZ/pQd47DR7WUlh3DFqjw2g4KA="},{"type":"Folder","path":"/source/volumes/kanboard_data/_data/","metahash":"fHH4QoYEPkNFU+mWddMPFGCDwmPDQFdy4k4myrr9noU=","metasize":181,"metablockhash":"fHH4QoYEPkNFU+mWddMPFGCDwmPDQFdy4k4myrr9noU="},{"type":"Folder","path":"/source/volumes/kanboard_data/_data/files/","metahash":"JMGWDJ3NYG/rvCGxOO1c7j85J58CeATRIuLaKxOiMwI=","metasize":181,"metablockhash":"JMGWDJ3NYG/rvCGxOO1c7j85J58CeATRIuLaKxOiMwI="},{"type":"Folder","path":"/source/volumes/kanboard_data/_data/files/avatars/","metahash":"JMGWDJ3NYG/rvCGxOO1c7j85J58CeATRIuLaKxOiMwI=","metasize":181,"metablockhash":"JMGWDJ3NYG/rvCGxOO1c7j85J58CeATRIuLaKxOiMwI="},{"type":"Folder","path":"/source/volumes/kanboard_data/_data/files/avatars/1/","metahash":"JMGWDJ3NYG/rvCGxOO1c7j85J58CeATRIuLaKxOiMwI=","metasize":181,"metablockhash":"JMGWDJ3NYG/rvCGxOO1c7j85J58CeATRIuLaKxOiMwI="},{"type":"Folder","path":"/source/volumes/kanboard_plugins/","metahash":"nQ/VHM9+y6tFG1/K2gQazJT6RARVIldrw0tQi5TCOY4=","metasize":192,"metablockhash":"nQ/VHM9+y6tFG1/K2gQazJT6RARVIldrw0tQi5TCOY4="},{"type":"Folder","path":"/source/volumes/kanboard_plugins/_data/","metahash":"iMLNV3D6xrPVrYG6J8C7eaet+7KBDss7vWg/h6JzhwM=","metasize":181,"metablockhash":"iMLNV3D6xrPVrYG6J8C7eaet+7KBDss7vWg/h6JzhwM="},{"type":"Folder","path":"/source/volumes/kanboard_ssl/","metahash":"cyduD8RnXSWyYBPgWVKdTS0hX/SXF3mrfVLE7jte7Tg=","metasize":192,"metablockhash":"cyduD8RnXSWyYBPgWVKdTS0hX/SXF3mrfVLE7jte7Tg="},{"type":"Folder","path":"/source/volumes/kanboard_ssl/_data/","metahash":"Sn+CT9qfpoeA3uSHJUsTbHIt/ichSKXTKoHnd1jehxA=","metasize":192,"metablockhash":"Sn+CT9qfpoeA3uSHJUsTbHIt/ichSKXTKoHnd1jehxA="},{"type":"File","path":"/source/volumes/kanboard_data/_data/db.sqlite","hash":"j8DVmmWnaongSanO3wRmEspUJaCWBsYqhICGwQi8d2Y=","size":720896,"time":"20221109T082308Z","metahash":"xJIUx6odMyoAOiKiu7JSQc6jN4lEVwEniMUFsfn/4HE=","metasize":170,"blocklists":["udcOdJZCr5Xn7OVmD0bIMXx6KvrxKXvvi81KY56iW8Q="]},{"type":"File","path":"/source/volumes/kanboard_data/_data/files/avatars/1/990287b98b06757ae7a2f855840b8a7bfa778bb2","hash":"MxO759aUz3cA/yM2HlJoAEqqsrPEeU9PFnX4JXFuA50=","size":34212,"time":"20221109T080019Z","metahash":"BZ+cUtebMB+L+d2WylOhvja3LmaUI+/RS/+hzmyFovA=","metasize":170},{"type":"File","path":"/source/volumes/kanboard_ssl/_data/kanboard.crt","hash":"0wnZl4iYOeX0BcMRto44KaBZ12OjL/c9IkrYGvb/Rog=","size":1375,"time":"20221109T075449Z","metahash":"XK6kkL1mlX4TkmPl0porgXDMiUiTP54/R/4cMSpW+7g=","metasize":189},{"type":"File","path":"/source/volumes/kanboard_ssl/_data/kanboard.key","hash":"6dXs8Z8pqJVyVi0VvG3LRbV64Lfgy6ZZBXWpuaffwXs=","size":1704,"time":"20221109T075449Z","metahash":"Vs1R0xM83f+6nSu2F6fcWgSis1Wdlz3HbQ7G3BurRfo=","metasize":189}]