﻿[{"type":"Folder","path":"/source/volumes/paperless_ngx_consume/","metahash":"iZex4IlCYVYl/DPX9DcMjZADKhqOOQ2UrxGd1fKm+Ws=","metasize":192,"metablockhash":"iZex4IlCYVYl/DPX9DcMjZADKhqOOQ2UrxGd1fKm+Ws="},{"type":"Folder","path":"/source/volumes/paperless_ngx_consume/_data/","metahash":"eRaZfwj0vv8Eai6TGhzb6swgnjnRricCm2qHX4xmP3w=","metasize":158,"metablockhash":"eRaZfwj0vv8Eai6TGhzb6swgnjnRricCm2qHX4xmP3w="},{"type":"Folder","path":"/source/volumes/paperless_ngx_data/","metahash":"WojhE/ZNdJHx4fjON8o4/lXYllqjE14oXNCsWvGfdG8=","metasize":192,"metablockhash":"WojhE/ZNdJHx4fjON8o4/lXYllqjE14oXNCsWvGfdG8="},{"type":"Folder","path":"/source/volumes/paperless_ngx_data/_data/","metahash":"u/orwdf+Ibq2HVN9G39nyL8uI95yDLIn+OaRN2L0khE=","metasize":158,"metablockhash":"u/orwdf+Ibq2HVN9G39nyL8uI95yDLIn+OaRN2L0khE="},{"type":"Folder","path":"/source/volumes/paperless_ngx_data/_data/index/","metahash":"+cOT7MeSgb/GyHHNAowkc40mXWfj+/DO+TehT78esr0=","metasize":158,"metablockhash":"+cOT7MeSgb/GyHHNAowkc40mXWfj+/DO+TehT78esr0="},{"type":"Folder","path":"/source/volumes/paperless_ngx_data/_data/log/","metahash":"pZrgb3RIgGmlpsKPgoOaVb+Ct+0Cr0rn1jpcZVPeCtw=","metasize":158,"metablockhash":"pZrgb3RIgGmlpsKPgoOaVb+Ct+0Cr0rn1jpcZVPeCtw="},{"type":"Folder","path":"/source/volumes/paperless_ngx_export/","metahash":"yyYc+3f+yM/fU8W59RiCiFZE4spy0MEvpUqjBfMPN8A=","metasize":192,"metablockhash":"yyYc+3f+yM/fU8W59RiCiFZE4spy0MEvpUqjBfMPN8A="},{"type":"Folder","path":"/source/volumes/paperless_ngx_export/_data/","metahash":"mMUcYQKt4adw0XKZv2yhDje/W2qMm2EiasiemaaEGSE=","metasize":158,"metablockhash":"mMUcYQKt4adw0XKZv2yhDje/W2qMm2EiasiemaaEGSE="},{"type":"Folder","path":"/source/volumes/paperless_ngx_media/","metahash":"mWEzcm5DtQccWsAIs6poqDY7hLcAY4ONUd6dFjLDvLI=","metasize":192,"metablockhash":"mWEzcm5DtQccWsAIs6poqDY7hLcAY4ONUd6dFjLDvLI="},{"type":"Folder","path":"/source/volumes/paperless_ngx_media/_data/","metahash":"eRaZfwj0vv8Eai6TGhzb6swgnjnRricCm2qHX4xmP3w=","metasize":158,"metablockhash":"eRaZfwj0vv8Eai6TGhzb6swgnjnRricCm2qHX4xmP3w="},{"type":"Folder","path":"/source/volumes/paperless_ngx_media/_data/documents/","metahash":"/igk1kSexoUac5T38mp78EUa2jwxH+xtE7avJ0ifR4A=","metasize":158,"metablockhash":"/igk1kSexoUac5T38mp78EUa2jwxH+xtE7avJ0ifR4A="},{"type":"Folder","path":"/source/volumes/paperless_ngx_media/_data/documents/archive/","metahash":"p7C83iuZvs/ojqGswGQNb3NBDnSyO3Ox+NFt4e6MRK4=","metasize":158,"metablockhash":"p7C83iuZvs/ojqGswGQNb3NBDnSyO3Ox+NFt4e6MRK4="},{"type":"Folder","path":"/source/volumes/paperless_ngx_media/_data/documents/originals/","metahash":"qeeG87CBTI5jgGmmnDWnN7xOTzNvH8O8xPXRTgTaOFM=","metasize":158,"metablockhash":"qeeG87CBTI5jgGmmnDWnN7xOTzNvH8O8xPXRTgTaOFM="},{"type":"Folder","path":"/source/volumes/paperless_ngx_media/_data/documents/thumbnails/","metahash":"p7C83iuZvs/ojqGswGQNb3NBDnSyO3Ox+NFt4e6MRK4=","metasize":158,"metablockhash":"p7C83iuZvs/ojqGswGQNb3NBDnSyO3Ox+NFt4e6MRK4="},{"type":"Folder","path":"/source/volumes/paperless_ngx_redisdata/","metahash":"SE/+BccOtb2T+57XjM6wJ3XP7/D9Lbh9Hk8INzYcFl8=","metasize":192,"metablockhash":"SE/+BccOtb2T+57XjM6wJ3XP7/D9Lbh9Hk8INzYcFl8="},{"type":"Folder","path":"/source/volumes/paperless_ngx_redisdata/_data/","metahash":"ihoXlIyO6rW2RRkKLPt1DKwxmlBIXb97wm3qs8+id/Y=","metasize":156,"metablockhash":"ihoXlIyO6rW2RRkKLPt1DKwxmlBIXb97wm3qs8+id/Y="},{"type":"File","path":"/source/volumes/paperless_ngx_data/_data/.index_version","hash":"Q1WkaxnTSNwvV8BG+O9j1FOOu5NgAPPJ7pVKJ0YN2GU=","size":2,"time":"20221109T083815Z","metahash":"yBGUwe7mZxswpkxxJ+Yf2wNgHKiibxSgKYSwJTqYYkk=","metasize":155},{"type":"File","path":"/source/volumes/paperless_ngx_data/_data/db.sqlite3","hash":"vO2OQwMRt85sFkfTA9kWZSgry1X3pGAAs0FNo/5O5tY=","size":393216,"time":"20221120T143829Z","metahash":"ZJbtSSXSWrFqWW8Ipit3Oi2kMsYbfv677QEyfgjDrdk=","metasize":147,"blocklists":["FVYPcEfQt7HA0WGkKnZf9CHmuojiAGJRudIU2ngwu28="]},{"type":"File","path":"/source/volumes/paperless_ngx_data/_data/index/MAIN_WRITELOCK","hash":"47DEQpj8HBSa+/TImW+5JCeuQeRkm5NMpJWZG3hSuFU=","size":0,"time":"20221109T083815Z","metahash":"iiJ6uhDB/NIK5g9qF6LzP/myQ3GmNBC8Xx8EnJNEubA=","metasize":147},{"type":"File","path":"/source/volumes/paperless_ngx_data/_data/index/MAIN_o7lz3e8fiqc41xe0.seg","hash":"zXUB4AEBtQyhphXBnGsY4cU563cKfyTKuUfNuyLtw2Y=","size":24066,"time":"20221120T143409Z","metahash":"ij5tLysaEm1VZMLPrmOLacwOMp39TT72WCVt+FzF7GE=","metasize":147},{"type":"File","path":"/source/volumes/paperless_ngx_data/_data/index/_MAIN_13.toc","hash":"O/ubgL/juRQ7iIC74qqNvZ4mueGWi2k5ZoL/kgg/Vwo=","size":4961,"time":"20221120T143409Z","metahash":"p3tKO2xC8jJnYoyfuaPPDtZWWzxmNKH3KFJwzzyoz7Y=","metasize":147},{"type":"File","path":"/source/volumes/paperless_ngx_data/_data/log/.__paperless.lock","hash":"47DEQpj8HBSa+/TImW+5JCeuQeRkm5NMpJWZG3hSuFU=","size":0,"time":"20221120T070606Z","metahash":"RUHQssaCH+nA/GXRhq6cO+A5VHhAEns6g3oPfDw6sq4=","metasize":155},{"type":"File","path":"/source/volumes/paperless_ngx_data/_data/log/paperless.log","hash":"VMrUkbQbHm6Pjmvf+gr+q6ojeregI7u1O0aYjyNgbfc=","size":11723,"time":"20221120T070606Z","metahash":"AUzbRbqpqEwY+f8nvBAw7Om4RFaLs60Z88OSc3QB5Xs=","metasize":147},{"type":"File","path":"/source/volumes/paperless_ngx_data/_data/migration_lock","hash":"47DEQpj8HBSa+/TImW+5JCeuQeRkm5NMpJWZG3hSuFU=","size":0,"time":"20221120T070553Z","metahash":"55beFuv4Y74V/ipo8TNJr/6cEZWkqpQbLh1zofJbO4Q=","metasize":147},{"type":"File","path":"/source/volumes/paperless_ngx_media/_data/documents/archive/0000001.pdf","hash":"DmkiRj8NRZp8Qj29C3Rdy4axbqls2S6+dbtymLr1AQ4=","size":155947,"time":"20221110T170329Z","metahash":"71uSHsXHscF063pcXLnRuMcR/FXSd/1I0UFWAJuCtz0=","metasize":147,"blocklists":["6ovt/dI9fvw1YEyeogXja2VDdO54ao9MRmqpoeaOEZo="]},{"type":"File","path":"/source/volumes/paperless_ngx_media/_data/documents/originals/0000001.png","hash":"JOraWHiFq2axjYBu2zOTzkQNSHaBhDrC7PZhlkJk4ec=","size":1146155,"time":"20221110T170329Z","metahash":"71uSHsXHscF063pcXLnRuMcR/FXSd/1I0UFWAJuCtz0=","metasize":147,"blocklists":["SOgUo5rFxIznvKbJybvrWH5/50MyAPN2XL7PZ4xULSE="]},{"type":"File","path":"/source/volumes/paperless_ngx_media/_data/documents/thumbnails/0000001.webp","hash":"/NK7K7QJF1V/mwHBm7pbEfPR949wB7HiSLGrXcjE/U4=","size":6490,"time":"20221110T170329Z","metahash":"71uSHsXHscF063pcXLnRuMcR/FXSd/1I0UFWAJuCtz0=","metasize":147},{"type":"File","path":"/source/volumes/paperless_ngx_media/_data/media.lock","hash":"47DEQpj8HBSa+/TImW+5JCeuQeRkm5NMpJWZG3hSuFU=","size":0,"time":"20221110T170357Z","metahash":"ruy7USR+giR4qefXCBt7r50eLUqvXAyMTh5t2QZkHm4=","metasize":147},{"type":"File","path":"/source/volumes/paperless_ngx_redisdata/_data/dump.rdb","hash":"psCACdAm0gsVfO/StZwOkGOg+piZDm3N98y7lf60BJs=","size":88,"time":"20221120T143337Z","metahash":"b52WN/XjSqboD+sMkFAYgiIYCb4fjKrf/H2XjUt861g=","metasize":143}]