﻿[{"type":"Folder","path":"/source/volumes/paperless_ngx_consume/","metahash":"iZex4IlCYVYl/DPX9DcMjZADKhqOOQ2UrxGd1fKm+Ws=","metasize":192,"metablockhash":"iZex4IlCYVYl/DPX9DcMjZADKhqOOQ2UrxGd1fKm+Ws="},{"type":"Folder","path":"/source/volumes/paperless_ngx_consume/_data/","metahash":"IL1jn122Qj+HvHU1ChWC5MH4FDS5HOGo1uOCEx5OCVs=","metasize":158,"metablockhash":"IL1jn122Qj+HvHU1ChWC5MH4FDS5HOGo1uOCEx5OCVs="},{"type":"Folder","path":"/source/volumes/paperless_ngx_data/","metahash":"WojhE/ZNdJHx4fjON8o4/lXYllqjE14oXNCsWvGfdG8=","metasize":192,"metablockhash":"WojhE/ZNdJHx4fjON8o4/lXYllqjE14oXNCsWvGfdG8="},{"type":"Folder","path":"/source/volumes/paperless_ngx_data/_data/","metahash":"zZx89fzK+9FLYr13atVz7i2io2h542uL88CznuaiVHs=","metasize":158,"metablockhash":"zZx89fzK+9FLYr13atVz7i2io2h542uL88CznuaiVHs="},{"type":"Folder","path":"/source/volumes/paperless_ngx_data/_data/index/","metahash":"0pH4kFymcTXgMo+SHJReS0X3RVcqDTPzLj0RWAUrUL0=","metasize":158,"metablockhash":"0pH4kFymcTXgMo+SHJReS0X3RVcqDTPzLj0RWAUrUL0="},{"type":"Folder","path":"/source/volumes/paperless_ngx_data/_data/log/","metahash":"pZrgb3RIgGmlpsKPgoOaVb+Ct+0Cr0rn1jpcZVPeCtw=","metasize":158,"metablockhash":"pZrgb3RIgGmlpsKPgoOaVb+Ct+0Cr0rn1jpcZVPeCtw="},{"type":"Folder","path":"/source/volumes/paperless_ngx_export/","metahash":"yyYc+3f+yM/fU8W59RiCiFZE4spy0MEvpUqjBfMPN8A=","metasize":192,"metablockhash":"yyYc+3f+yM/fU8W59RiCiFZE4spy0MEvpUqjBfMPN8A="},{"type":"Folder","path":"/source/volumes/paperless_ngx_export/_data/","metahash":"mMUcYQKt4adw0XKZv2yhDje/W2qMm2EiasiemaaEGSE=","metasize":158,"metablockhash":"mMUcYQKt4adw0XKZv2yhDje/W2qMm2EiasiemaaEGSE="},{"type":"Folder","path":"/source/volumes/paperless_ngx_media/","metahash":"mWEzcm5DtQccWsAIs6poqDY7hLcAY4ONUd6dFjLDvLI=","metasize":192,"metablockhash":"mWEzcm5DtQccWsAIs6poqDY7hLcAY4ONUd6dFjLDvLI="},{"type":"Folder","path":"/source/volumes/paperless_ngx_media/_data/","metahash":"IL1jn122Qj+HvHU1ChWC5MH4FDS5HOGo1uOCEx5OCVs=","metasize":158,"metablockhash":"IL1jn122Qj+HvHU1ChWC5MH4FDS5HOGo1uOCEx5OCVs="},{"type":"Folder","path":"/source/volumes/paperless_ngx_media/_data/documents/","metahash":"/igk1kSexoUac5T38mp78EUa2jwxH+xtE7avJ0ifR4A=","metasize":158,"metablockhash":"/igk1kSexoUac5T38mp78EUa2jwxH+xtE7avJ0ifR4A="},{"type":"Folder","path":"/source/volumes/paperless_ngx_media/_data/documents/archive/","metahash":"p7C83iuZvs/ojqGswGQNb3NBDnSyO3Ox+NFt4e6MRK4=","metasize":158,"metablockhash":"p7C83iuZvs/ojqGswGQNb3NBDnSyO3Ox+NFt4e6MRK4="},{"type":"Folder","path":"/source/volumes/paperless_ngx_media/_data/documents/originals/","metahash":"qeeG87CBTI5jgGmmnDWnN7xOTzNvH8O8xPXRTgTaOFM=","metasize":158,"metablockhash":"qeeG87CBTI5jgGmmnDWnN7xOTzNvH8O8xPXRTgTaOFM="},{"type":"Folder","path":"/source/volumes/paperless_ngx_media/_data/documents/thumbnails/","metahash":"p7C83iuZvs/ojqGswGQNb3NBDnSyO3Ox+NFt4e6MRK4=","metasize":158,"metablockhash":"p7C83iuZvs/ojqGswGQNb3NBDnSyO3Ox+NFt4e6MRK4="},{"type":"Folder","path":"/source/volumes/paperless_ngx_redisdata/","metahash":"SE/+BccOtb2T+57XjM6wJ3XP7/D9Lbh9Hk8INzYcFl8=","metasize":192,"metablockhash":"SE/+BccOtb2T+57XjM6wJ3XP7/D9Lbh9Hk8INzYcFl8="},{"type":"Folder","path":"/source/volumes/paperless_ngx_redisdata/_data/","metahash":"/J2Dd3X8RDhr/fe2+tVNYJtXDoeQSo4I3/uFxqtIALA=","metasize":156,"metablockhash":"/J2Dd3X8RDhr/fe2+tVNYJtXDoeQSo4I3/uFxqtIALA="},{"type":"File","path":"/source/volumes/paperless_ngx_data/_data/.index_version","hash":"Q1WkaxnTSNwvV8BG+O9j1FOOu5NgAPPJ7pVKJ0YN2GU=","size":2,"time":"20221109T083815Z","metahash":"yBGUwe7mZxswpkxxJ+Yf2wNgHKiibxSgKYSwJTqYYkk=","metasize":155},{"type":"File","path":"/source/volumes/paperless_ngx_data/_data/db.sqlite3","hash":"A0ggMBZPc2taFCL71Bauczm2WmoER4alNFBR7DqE1S0=","size":393216,"time":"20221119T072823Z","metahash":"KRmiSjin2JcBaUE7+xJpBGduvdZCJB57caMSP4BNPNM=","metasize":147,"blocklists":["CNUKX/nhJ9YWcaWEfSiCBUe71UfdnWq5I8efMJKfOG0="]},{"type":"File","path":"/source/volumes/paperless_ngx_data/_data/index/MAIN_9pflnlkkqexn5ew2.seg","hash":"csVy6/wk+eWkuKLIolmHLNHxHley0I3U8V0NqKgOQ5k=","size":24072,"time":"20221118T084227Z","metahash":"HXkYT0kyerZO/0ycJ4j0E6r8q1boVicmc7pTeETGg6E=","metasize":147},{"type":"File","path":"/source/volumes/paperless_ngx_data/_data/index/MAIN_WRITELOCK","hash":"47DEQpj8HBSa+/TImW+5JCeuQeRkm5NMpJWZG3hSuFU=","size":0,"time":"20221109T083815Z","metahash":"iiJ6uhDB/NIK5g9qF6LzP/myQ3GmNBC8Xx8EnJNEubA=","metasize":147},{"type":"File","path":"/source/volumes/paperless_ngx_data/_data/index/_MAIN_11.toc","hash":"A2Hx/eRcibC30wEUvUuNlrbXlDqYkofx/rcaoU7Ph5c=","size":4961,"time":"20221118T084227Z","metahash":"HXkYT0kyerZO/0ycJ4j0E6r8q1boVicmc7pTeETGg6E=","metasize":147},{"type":"File","path":"/source/volumes/paperless_ngx_data/_data/log/.__paperless.lock","hash":"47DEQpj8HBSa+/TImW+5JCeuQeRkm5NMpJWZG3hSuFU=","size":0,"time":"20221118T180958Z","metahash":"8t7knmj1ROsuf0rMeJ/Qhq8ahZaNazn3YW7Yb2aSedc=","metasize":155},{"type":"File","path":"/source/volumes/paperless_ngx_data/_data/log/paperless.log","hash":"s29apU1r9SgL5oxeMtni/1+lfl9cXDA/6DHGX3ZYVW0=","size":11126,"time":"20221118T180958Z","metahash":"miDm/qvsLJEG8fudF0clAffhX6HViiE9YHFA2ZlVYOg=","metasize":147},{"type":"File","path":"/source/volumes/paperless_ngx_data/_data/migration_lock","hash":"47DEQpj8HBSa+/TImW+5JCeuQeRkm5NMpJWZG3hSuFU=","size":0,"time":"20221118T180950Z","metahash":"VtdGtedGASNjvk12laLqekoAIABxbl46HHnjWNchixA=","metasize":147},{"type":"File","path":"/source/volumes/paperless_ngx_media/_data/documents/archive/0000001.pdf","hash":"DmkiRj8NRZp8Qj29C3Rdy4axbqls2S6+dbtymLr1AQ4=","size":155947,"time":"20221110T170329Z","metahash":"71uSHsXHscF063pcXLnRuMcR/FXSd/1I0UFWAJuCtz0=","metasize":147,"blocklists":["6ovt/dI9fvw1YEyeogXja2VDdO54ao9MRmqpoeaOEZo="]},{"type":"File","path":"/source/volumes/paperless_ngx_media/_data/documents/originals/0000001.png","hash":"JOraWHiFq2axjYBu2zOTzkQNSHaBhDrC7PZhlkJk4ec=","size":1146155,"time":"20221110T170329Z","metahash":"71uSHsXHscF063pcXLnRuMcR/FXSd/1I0UFWAJuCtz0=","metasize":147,"blocklists":["SOgUo5rFxIznvKbJybvrWH5/50MyAPN2XL7PZ4xULSE="]},{"type":"File","path":"/source/volumes/paperless_ngx_media/_data/documents/thumbnails/0000001.webp","hash":"/NK7K7QJF1V/mwHBm7pbEfPR949wB7HiSLGrXcjE/U4=","size":6490,"time":"20221110T170329Z","metahash":"71uSHsXHscF063pcXLnRuMcR/FXSd/1I0UFWAJuCtz0=","metasize":147},{"type":"File","path":"/source/volumes/paperless_ngx_media/_data/media.lock","hash":"47DEQpj8HBSa+/TImW+5JCeuQeRkm5NMpJWZG3hSuFU=","size":0,"time":"20221110T170357Z","metahash":"ruy7USR+giR4qefXCBt7r50eLUqvXAyMTh5t2QZkHm4=","metasize":147},{"type":"File","path":"/source/volumes/paperless_ngx_redisdata/_data/dump.rdb","hash":"+RDhjXSOsKcThm1lXfepNzYm0CgotUpX+IuMdHBYaPA=","size":753,"time":"20221119T072302Z","metahash":"O8qRh7KjhRQXhKVN7seO8YJLsxDkBCEfJNCbytzhdyA=","metasize":143}]