﻿[{"type":"Folder","path":"/source/volumes/portainer_data/","metahash":"bHGcGej0RtIxlMAkVK6zIZKjAktc6tL9naFe4ro5B64=","metasize":192,"metablockhash":"bHGcGej0RtIxlMAkVK6zIZKjAktc6tL9naFe4ro5B64="},{"type":"Folder","path":"/source/volumes/portainer_data/_data/","metahash":"Y1baa+hYuQLh9McU6lGHB++rc2ZUpq+nuk8GeQOYZ7g=","metasize":192,"metablockhash":"Y1baa+hYuQLh9McU6lGHB++rc2ZUpq+nuk8GeQOYZ7g="},{"type":"Folder","path":"/source/volumes/portainer_data/_data/bin/","metahash":"3ioG9M9C9JNVY9VwdQNfjx62Ppsdryfv6AHkyzSjXFA=","metasize":192,"metablockhash":"3ioG9M9C9JNVY9VwdQNfjx62Ppsdryfv6AHkyzSjXFA="},{"type":"Folder","path":"/source/volumes/portainer_data/_data/certs/","metahash":"YVhNQwKSCQnSEpdO8H7SArEmFSajJEwS8DBEKxEM0sk=","metasize":192,"metablockhash":"YVhNQwKSCQnSEpdO8H7SArEmFSajJEwS8DBEKxEM0sk="},{"type":"Folder","path":"/source/volumes/portainer_data/_data/compose/","metahash":"3ioG9M9C9JNVY9VwdQNfjx62Ppsdryfv6AHkyzSjXFA=","metasize":192,"metablockhash":"3ioG9M9C9JNVY9VwdQNfjx62Ppsdryfv6AHkyzSjXFA="},{"type":"Folder","path":"/source/volumes/portainer_data/_data/docker_config/","metahash":"h9AmOQiNf2RYnL57lJTF7/UY/8ohMcZNtDnkaqAz34E=","metasize":192,"metablockhash":"h9AmOQiNf2RYnL57lJTF7/UY/8ohMcZNtDnkaqAz34E="},{"type":"Folder","path":"/source/volumes/portainer_data/_data/tls/","metahash":"3ioG9M9C9JNVY9VwdQNfjx62Ppsdryfv6AHkyzSjXFA=","metasize":192,"metablockhash":"3ioG9M9C9JNVY9VwdQNfjx62Ppsdryfv6AHkyzSjXFA="},{"type":"File","path":"/source/volumes/portainer_data/_data/certs/cert.pem","hash":"Ph0BYL8c0DGHPNCaZ8wrx07+/qZif58g6Aj4Gl4JF8s=","size":518,"time":"20221110T183408Z","metahash":"oW1rNg2SyN96B+7Uchs3byOlYXeyLHVL5uUZo2Uhzo4=","metasize":189},{"type":"File","path":"/source/volumes/portainer_data/_data/certs/key.pem","hash":"hnAyD109aYv6eangRhzMLlWYGqFtJvqUrvV5Y+mALtc=","size":227,"time":"20221110T183408Z","metahash":"oW1rNg2SyN96B+7Uchs3byOlYXeyLHVL5uUZo2Uhzo4=","metasize":189},{"type":"File","path":"/source/volumes/portainer_data/_data/docker_config/config.json","hash":"q+m8cleqCaGZL3uAwvuh5+5IAePFLb4kX++IUQPVShA=","size":389,"time":"20221121T061629Z","metahash":"LMp+nsXaKuxVx4JuOGYGhNniXImlIDlfjZm1ezs16B0=","metasize":189},{"type":"File","path":"/source/volumes/portainer_data/_data/portainer.db","hash":"+pp9/iJ1pLetI+J9R3OY9mFY8sIm2MEyKSp7QG2B6ic=","size":282624,"time":"20221121T072628Z","metahash":"jAFjSz7qKCkLijD8JKmxM/ahxNYFU5o9E5UoUGNj4lo=","metasize":189,"blocklists":["hXzPC0OUwbVGXHf4ziD9EfyMmqY8L9Yq5SVXYzyGhKU="]},{"type":"File","path":"/source/volumes/portainer_data/_data/portainer.key","hash":"CWCilB3IMP1eHIwI46jXuONuNurUw+XYrt5BX/DKyqc=","size":227,"time":"20221110T183408Z","metahash":"UBYbjiIz5lOgRZaXPGGSAZDtUVQEr13lJPKfzy+tNlQ=","metasize":189},{"type":"File","path":"/source/volumes/portainer_data/_data/portainer.pub","hash":"87nX5uztIVufA2xz5+0Q6VwB10nCU2mxpkX3zAFHB0I=","size":190,"time":"20221110T183408Z","metahash":"UBYbjiIz5lOgRZaXPGGSAZDtUVQEr13lJPKfzy+tNlQ=","metasize":189}]