﻿[{"type":"Folder","path":"/source/volumes/homepage_config/","metahash":"vWrcsPQ2XIN8rqoWm28EWF9Q+KYnQ2zUMbcpHyyeoa8=","metasize":192,"metablockhash":"vWrcsPQ2XIN8rqoWm28EWF9Q+KYnQ2zUMbcpHyyeoa8="},{"type":"Folder","path":"/source/volumes/homepage_config/_data/","metahash":"35NrqQrTa8hQ5x30rKim2+8WKIvhZtZKGFoBInZTeEA=","metasize":192,"metablockhash":"35NrqQrTa8hQ5x30rKim2+8WKIvhZtZKGFoBInZTeEA="},{"type":"Folder","path":"/source/volumes/homepage_config/_data/logs/","metahash":"KiLZpMFdQieL0KSlwH15vKOQ8yMySmE3me0Vx9i8alE=","metasize":192,"metablockhash":"KiLZpMFdQieL0KSlwH15vKOQ8yMySmE3me0Vx9i8alE="},{"type":"File","path":"/source/volumes/homepage_config/_data/bookmarks.yaml","hash":"SdcUQmajjFB5IqyLHtX0N/SwBlE+ExOJ8JqlKS9LuIA=","size":372,"time":"20221108T195809Z","metahash":"k4M7jT9gV2K5cN2Qj1pZCPqkKvO9Zy+bjLjdSgSOT/8=","metasize":189},{"type":"File","path":"/source/volumes/homepage_config/_data/docker.yaml","hash":"KsvFY2cYRDcxtsfluFeLP/m4Fc4YBWsvfOke3rIU49U=","size":218,"time":"20221108T194944Z","metahash":"wYJts9d9pHS82oo9rv2d71LiJdm/+LTnxiJA3AR4CnE=","metasize":189},{"type":"File","path":"/source/volumes/homepage_config/_data/logs/homepage.log","hash":"47DEQpj8HBSa+/TImW+5JCeuQeRkm5NMpJWZG3hSuFU=","size":0,"time":"20221108T195420Z","metahash":"yjLBZBLc70PthG1VQoTzuSlrRw9sf/9kprpn3nCbTs4=","metasize":189},{"type":"File","path":"/source/volumes/homepage_config/_data/services.yaml","hash":"Tap2NZGE8PI+geJA/bx6nYMBxOrJMZ18l0si2uHbN3o=","size":354,"time":"20221109T034824Z","metahash":"PrbSzzkc8YSzR3N8ZykhiyzL2cKyFRz+W8q6RJmc1BA=","metasize":189},{"type":"File","path":"/source/volumes/homepage_config/_data/settings.yaml","hash":"YdGVS5q6DJrtuNEziAToF8cmLPw22pQWHauOPtejpDo=","size":2,"time":"20221108T195630Z","metahash":"o/LCO5g57Mp1Hkoy4ooJlKLHUSQoIjZ8m0GSOgsDhZc=","metasize":189},{"type":"File","path":"/source/volumes/homepage_config/_data/widgets.yaml","hash":"v0LodqQtqx8wspyj1abj+kp83XgJHUUQPCOgfzp9J8U=","size":246,"time":"20221108T195715Z","metahash":"kF0p3xxo87agF/tQVwyR21c6ifhMb0o8XQQm9udFvVM=","metasize":189}]