﻿[{"type":"Folder","path":"/source/volumes/focalboard_data/","metahash":"VtZGKsvBY9YjO5zCg8B/tE7oShYt7r75EaAXD9qdWT8=","metasize":192,"metablockhash":"VtZGKsvBY9YjO5zCg8B/tE7oShYt7r75EaAXD9qdWT8="},{"type":"Folder","path":"/source/volumes/focalboard_data/_data/","metahash":"FC9oB3w9UGA79KbocY8B+hxcR29DNpRk2xFHEjgdw8A=","metasize":215,"metablockhash":"FC9oB3w9UGA79KbocY8B+hxcR29DNpRk2xFHEjgdw8A="},{"type":"Folder","path":"/source/volumes/focalboard_data/_data/files/","metahash":"D8nYbTI4a2Wa4b2A3jL8lsFBpGu42/nPuTc1EBsS49M=","metasize":205,"metablockhash":"D8nYbTI4a2Wa4b2A3jL8lsFBpGu42/nPuTc1EBsS49M="},{"type":"Folder","path":"/source/volumes/focalboard_data/_data/files/0/","metahash":"gKs16Cu5lLnNfHhR89Y5q+MRhR9g2K1qi6G81sVQv2Y=","metasize":205,"metablockhash":"gKs16Cu5lLnNfHhR89Y5q+MRhR9g2K1qi6G81sVQv2Y="},{"type":"Folder","path":"/source/volumes/focalboard_data/_data/files/0/b3k44kf8nhpfo3fqq5gqgecihhy/","metahash":"D8nYbTI4a2Wa4b2A3jL8lsFBpGu42/nPuTc1EBsS49M=","metasize":205,"metablockhash":"D8nYbTI4a2Wa4b2A3jL8lsFBpGu42/nPuTc1EBsS49M="},{"type":"Folder","path":"/source/volumes/focalboard_data/_data/files/0/b454q77kexffhzp9kecdmhyoyec/","metahash":"peRsV+xaqjRIb+Q5U5bKmPH35oRGCS5XYZsQTy09ctA=","metasize":205,"metablockhash":"peRsV+xaqjRIb+Q5U5bKmPH35oRGCS5XYZsQTy09ctA="},{"type":"Folder","path":"/source/volumes/focalboard_data/_data/files/0/b49xndmtosfnk9qubfogsyn3dkh/","metahash":"UzOVJYuBj3ovH6xOJBHBV7CEyW9Jf5fYBrk2LUUM10k=","metasize":205,"metablockhash":"UzOVJYuBj3ovH6xOJBHBV7CEyW9Jf5fYBrk2LUUM10k="},{"type":"Folder","path":"/source/volumes/focalboard_data/_data/files/0/b7zxmyoszktrxf874r34gdw4oze/","metahash":"2+Ab77h32ppZLRA9OoFPMONrNGy+EbBU1mQfW+EL2cI=","metasize":205,"metablockhash":"2+Ab77h32ppZLRA9OoFPMONrNGy+EbBU1mQfW+EL2cI="},{"type":"Folder","path":"/source/volumes/focalboard_data/_data/files/0/bdcygethi83fgxgn5kmcy3u4peh/","metahash":"GNOLhRvdvTGS7pDMEQa0HIvU+DZcJYr+D+gMS93Fr4k=","metasize":205,"metablockhash":"GNOLhRvdvTGS7pDMEQa0HIvU+DZcJYr+D+gMS93Fr4k="},{"type":"Folder","path":"/source/volumes/focalboard_data/_data/files/0/bfmcdy8j1b3dmtr8c7pxf1o7pyh/","metahash":"wcygSLNDKjcnD+WBMmXeEZeTg70KQfnzbBoIQhumwz8=","metasize":205,"metablockhash":"wcygSLNDKjcnD+WBMmXeEZeTg70KQfnzbBoIQhumwz8="},{"type":"Folder","path":"/source/volumes/focalboard_data/_data/files/0/bgrwnzmi53jbrbpbj6woy5am9xc/","metahash":"Tporz2oQGqf18aazKXJAXfiKngCvmu+7pUIA9a+hafI=","metasize":205,"metablockhash":"Tporz2oQGqf18aazKXJAXfiKngCvmu+7pUIA9a+hafI="},{"type":"Folder","path":"/source/volumes/focalboard_data/_data/files/0/bhzcyg17xqprr3nuqi3od1oq8na/","metahash":"9wcCu4JjU90RbAmY30q6IrDnz2+4LvgqpIXemx0gUOg=","metasize":205,"metablockhash":"9wcCu4JjU90RbAmY30q6IrDnz2+4LvgqpIXemx0gUOg="},{"type":"Folder","path":"/source/volumes/focalboard_data/_data/files/0/bi91af8bbwfb79qo3ttpun3b3ja/","metahash":"XzLFJ35VUtMaT4qTx1U9IM7+0kci3G1ZiyApiW9zLkE=","metasize":205,"metablockhash":"XzLFJ35VUtMaT4qTx1U9IM7+0kci3G1ZiyApiW9zLkE="},{"type":"Folder","path":"/source/volumes/focalboard_data/_data/files/0/bqpa9zgr6nfd3idpid7qqdnuysh/","metahash":"vI5Dbp7KH+hdBN09J5atxtpilpIhfWiEVVsMO6ckCEA=","metasize":205,"metablockhash":"vI5Dbp7KH+hdBN09J5atxtpilpIhfWiEVVsMO6ckCEA="},{"type":"Folder","path":"/source/volumes/focalboard_data/_data/files/0/bsa1ij8mt67dqbxasgxmp3gf78h/","metahash":"Xlnw5p4+fGLkYLEwvy+nFZotGUrEXnGKz3fRBX3jY4s=","metasize":205,"metablockhash":"Xlnw5p4+fGLkYLEwvy+nFZotGUrEXnGKz3fRBX3jY4s="},{"type":"Folder","path":"/source/volumes/focalboard_data/_data/files/0/bsno9hd1igin9unhwzrgr917rch/","metahash":"bZn+8xlmlQPrkph2aP/6f0UAPbgxGr3/7JcOHUXcslo=","metasize":205,"metablockhash":"bZn+8xlmlQPrkph2aP/6f0UAPbgxGr3/7JcOHUXcslo="},{"type":"Folder","path":"/source/volumes/focalboard_data/_data/files/0/bu67dcpznb7r9zr8abnhorznwia/","metahash":"y9tMQIzD79AvEKNLFdvS3q5ac+7vTBPSmDX0q65AbXk=","metasize":205,"metablockhash":"y9tMQIzD79AvEKNLFdvS3q5ac+7vTBPSmDX0q65AbXk="},{"type":"Folder","path":"/source/volumes/focalboard_data/_data/files/0/bud4f7ddco7fi8pu7n3b4qwq14y/","metahash":"vI5Dbp7KH+hdBN09J5atxtpilpIhfWiEVVsMO6ckCEA=","metasize":205,"metablockhash":"vI5Dbp7KH+hdBN09J5atxtpilpIhfWiEVVsMO6ckCEA="},{"type":"Folder","path":"/source/volumes/focalboard_data/_data/files/0/bw4mtnj7bg3fd7jd48y9fdg78zw/","metahash":"KJAL5q/AR0mnR6z8Om33xIE19HWI0jO6ZzaXpXKK3Do=","metasize":205,"metablockhash":"KJAL5q/AR0mnR6z8Om33xIE19HWI0jO6ZzaXpXKK3Do="},{"type":"Folder","path":"/source/volumes/focalboard_data/_data/files/0/bwgz1q9y53pdt8p9p4jd6krka6h/","metahash":"EfLCqhNpgQAxuE6M5/dRpSlfs7qsRYNZEjEyJa6iaR8=","metasize":205,"metablockhash":"EfLCqhNpgQAxuE6M5/dRpSlfs7qsRYNZEjEyJa6iaR8="},{"type":"File","path":"/source/volumes/focalboard_data/_data/files/0/b3k44kf8nhpfo3fqq5gqgecihhy/76fwrj36hptg6dywka4k5mt3sph.png","hash":"hj+8VM1yDqRcNP8mjsAV9HjfkkVGT+lwYKQWCbsQStg=","size":513945,"time":"20221108T184523Z","metahash":"N1o4UlgMPWs/bGoScHaFIGY7q0Yp5KKex5I0og64OtM=","metasize":202,"blocklists":["lSLIOfI+89p03cKWY4yODlS0XqYX4M2GfjTt1v0BtSM="]},{"type":"File","path":"/source/volumes/focalboard_data/_data/files/0/b454q77kexffhzp9kecdmhyoyec/74nt9eqzea3ydjjpgjtsxcjgrxc.gif","hash":"XS7zVQhF3K09xJdx5a86uK0pM6jCdsToJ8LunPv9mjU=","size":1194827,"time":"20221109T055946Z","metahash":"n0XFVj9QUqlBUzbAQv8HtEplPEkBdkWB+1McSVVNFd0=","metasize":202,"blocklists":["BAtvrpzqmJx4saUJYElEhUKnlLMJrdBWl57afSw/7P4="]},{"type":"File","path":"/source/volumes/focalboard_data/_data/files/0/b454q77kexffhzp9kecdmhyoyec/74uia99m9btr8peydw7oexn37tw.gif","hash":"Uk6L8gHoyIkr+hEM1lYXHgmSY8OtbbIBVHw0uDtfi0c=","size":1075628,"time":"20221109T055947Z","metahash":"q0g2VuDCAkoL+/AMjwZNnt7XHPE1ezEZUTLuf4ZLJWo=","metasize":202,"blocklists":["qephBcOFyenw9v1J8JX1A6ejoEzknj1sCN0m9qubPaI="]},{"type":"File","path":"/source/volumes/focalboard_data/_data/files/0/b454q77kexffhzp9kecdmhyoyec/78jws5m1myf8pufewzkaa6i11sc.gif","hash":"owXR3Xm+cchqQNCYohZRl870rHOJBgmv2bdjrshiM2s=","size":811674,"time":"20221109T055947Z","metahash":"/qF/WQ/vTrYyqN1Ai0cR+n6kLWQzen9vcb6jvNXLsuM=","metasize":202,"blocklists":["0VJwnvFx4mBqXay3zZPX5LWiPs6bI4/N03O/r0EuY20="]},{"type":"File","path":"/source/volumes/focalboard_data/_data/files/0/b454q77kexffhzp9kecdmhyoyec/7d6hrtig3zt8f9cnbo1um5oxx3y.gif","hash":"KxBki4Ksh+nSCltovdo8lJH5DAx/PZWeRASNkLwYAPU=","size":1043549,"time":"20221109T055947Z","metahash":"io6bAZikMC+egYbCuLVAlyjZ8+rmlTXBhYJbR+6665M=","metasize":202,"blocklists":["86U59OFuaMfzK8iW6pIUIzxuFRz5JGMpEEfNYMYdk34="]},{"type":"File","path":"/source/volumes/focalboard_data/_data/files/0/b454q77kexffhzp9kecdmhyoyec/7dybb6t8fj3nrdft7nerhuf784y.png","hash":"KLHET5iak3FQQkZYPAcgyO8CDDo5orwXSZb4XGHI24E=","size":48635,"time":"20221109T055947Z","metahash":"AmDIUCnK0UnNg0PaAo+9UlV1rZ4O6EOc/987pNsFpJA=","metasize":202},{"type":"File","path":"/source/volumes/focalboard_data/_data/files/0/b454q77kexffhzp9kecdmhyoyec/7ek6wbpp19jfoujs1goh6kttbby.gif","hash":"vsz9bixPpVvR3un3EytIDD9pcQ1eZEqMCcapAMVscik=","size":648291,"time":"20221109T055947Z","metahash":"I5qz3MmaXXUKseAL00KRiKjBM9WbZ0jOG9Y7uFkNIVw=","metasize":202,"blocklists":["OcNEFN08MqCeX0b8DcC/tkfJuGHm27NzbHz2uhueJQo="]},{"type":"File","path":"/source/volumes/focalboard_data/_data/files/0/b454q77kexffhzp9kecdmhyoyec/7iw4rxx7jj7bypmdotd9z469cyh.png","hash":"6tW2hethtDitmymLxias6EGaYUvbwXS31uFIOoXZKk0=","size":62702,"time":"20221109T055947Z","metahash":"9xQXynONnuv1uMU/0IC8UP4QqZ9ZEQgnx3Ae9+pKEWc=","metasize":202},{"type":"File","path":"/source/volumes/focalboard_data/_data/files/0/b454q77kexffhzp9kecdmhyoyec/7knxbyuiedtdafcgmropgkrtybr.gif","hash":"IQN0Yu+geGgclWWTkm4Flm915WOLxivfYWTiMTegzlg=","size":660888,"time":"20221109T055948Z","metahash":"koFoj8XVpFlYOu02r4sYI9r+I1+ZRqMhHVg3bR6r39Y=","metasize":202,"blocklists":["oLcAfyUTMyQPmEH2HKXXZpGJXVnRBuZQ2xohjuM87yA="]},{"type":"File","path":"/source/volumes/focalboard_data/_data/files/0/b49xndmtosfnk9qubfogsyn3dkh/74nt9eqzea3ydjjpgjtsxcjgrxc.gif","hash":"XS7zVQhF3K09xJdx5a86uK0pM6jCdsToJ8LunPv9mjU=","size":1194827,"time":"20221108T192132Z","metahash":"sneCfeLOgF7E/1Gd+6FWUGyi9+ie6QiXEZ6CxbkqyzQ=","metasize":202,"blocklists":["BAtvrpzqmJx4saUJYElEhUKnlLMJrdBWl57afSw/7P4="]},{"type":"File","path":"/source/volumes/focalboard_data/_data/files/0/b49xndmtosfnk9qubfogsyn3dkh/74uia99m9btr8peydw7oexn37tw.gif","hash":"Uk6L8gHoyIkr+hEM1lYXHgmSY8OtbbIBVHw0uDtfi0c=","size":1075628,"time":"20221108T192132Z","metahash":"gt4n3B8mP27DQWWIEBLYcbS21rD4oewfQmR2MuEyd2I=","metasize":202,"blocklists":["qephBcOFyenw9v1J8JX1A6ejoEzknj1sCN0m9qubPaI="]},{"type":"File","path":"/source/volumes/focalboard_data/_data/files/0/b49xndmtosfnk9qubfogsyn3dkh/78jws5m1myf8pufewzkaa6i11sc.gif","hash":"owXR3Xm+cchqQNCYohZRl870rHOJBgmv2bdjrshiM2s=","size":811674,"time":"20221108T192132Z","metahash":"eLXmCvlKarVzUsa/V0S8hhcIupTygb3vdQ0trYiTcgE=","metasize":202,"blocklists":["0VJwnvFx4mBqXay3zZPX5LWiPs6bI4/N03O/r0EuY20="]},{"type":"File","path":"/source/volumes/focalboard_data/_data/files/0/b49xndmtosfnk9qubfogsyn3dkh/7d6hrtig3zt8f9cnbo1um5oxx3y.gif","hash":"KxBki4Ksh+nSCltovdo8lJH5DAx/PZWeRASNkLwYAPU=","size":1043549,"time":"20221108T192132Z","metahash":"1KwJOK59TSg8UCPWnMfOf8T2kWytP2J+Er9KBDKnLA8=","metasize":202,"blocklists":["86U59OFuaMfzK8iW6pIUIzxuFRz5JGMpEEfNYMYdk34="]},{"type":"File","path":"/source/volumes/focalboard_data/_data/files/0/b49xndmtosfnk9qubfogsyn3dkh/7dybb6t8fj3nrdft7nerhuf784y.png","hash":"KLHET5iak3FQQkZYPAcgyO8CDDo5orwXSZb4XGHI24E=","size":48635,"time":"20221108T192133Z","metahash":"fO3nMrjKDQC9JyHim49aapPdJmBOCwnHqrKWsCxYI+Q=","metasize":202},{"type":"File","path":"/source/volumes/focalboard_data/_data/files/0/b49xndmtosfnk9qubfogsyn3dkh/7ek6wbpp19jfoujs1goh6kttbby.gif","hash":"vsz9bixPpVvR3un3EytIDD9pcQ1eZEqMCcapAMVscik=","size":648291,"time":"20221108T192133Z","metahash":"AzDPR0drsczYyHMfm4UBA+dKfAV8tM8SlKXXRvE2uZY=","metasize":202,"blocklists":["OcNEFN08MqCeX0b8DcC/tkfJuGHm27NzbHz2uhueJQo="]},{"type":"File","path":"/source/volumes/focalboard_data/_data/files/0/b49xndmtosfnk9qubfogsyn3dkh/7iw4rxx7jj7bypmdotd9z469cyh.png","hash":"6tW2hethtDitmymLxias6EGaYUvbwXS31uFIOoXZKk0=","size":62702,"time":"20221108T192133Z","metahash":"XWMivOa91wqXBKegRt1+SGxp2od9OArjLGRaImt6L80=","metasize":202},{"type":"File","path":"/source/volumes/focalboard_data/_data/files/0/b49xndmtosfnk9qubfogsyn3dkh/7knxbyuiedtdafcgmropgkrtybr.gif","hash":"IQN0Yu+geGgclWWTkm4Flm915WOLxivfYWTiMTegzlg=","size":660888,"time":"20221108T192133Z","metahash":"b1fQEI2QdLOobGw5lIXRBcQuzblbLDNX9G2IOgjghRM=","metasize":202,"blocklists":["oLcAfyUTMyQPmEH2HKXXZpGJXVnRBuZQ2xohjuM87yA="]},{"type":"File","path":"/source/volumes/focalboard_data/_data/files/0/b7zxmyoszktrxf874r34gdw4oze/76fwrj36hptg6dywka4k5mt3sph.png","hash":"hj+8VM1yDqRcNP8mjsAV9HjfkkVGT+lwYKQWCbsQStg=","size":513945,"time":"20221109T055944Z","metahash":"V+vP769B37sAn85BFZ7lJ1XCyqHr7XtqOTAnLjuqKKY=","metasize":202,"blocklists":["lSLIOfI+89p03cKWY4yODlS0XqYX4M2GfjTt1v0BtSM="]},{"type":"File","path":"/source/volumes/focalboard_data/_data/files/0/bdcygethi83fgxgn5kmcy3u4peh/77pe9r4ckbin438ph3f18bpatua.png","hash":"n6eIsAJ7G/T9IayRuv197Qan3D0mv+d5SsP2sDlk6hY=","size":2484,"time":"20221109T055945Z","metahash":"yZWqp3dIqjsPh7F/QM4kOv6L4OP6YhuBHG0Cy8KrXSU=","metasize":202},{"type":"File","path":"/source/volumes/focalboard_data/_data/files/0/bdcygethi83fgxgn5kmcy3u4peh/7pbp4qg415pbstc6enzeicnu3qh.png","hash":"uir/wS4P1oju0FqQC8qUP5/FHvGtJQoGMLY9R89euho=","size":112926,"time":"20221109T055945Z","metahash":"C6BjQMEBSpVCYSFCymOs6UALOXcqtNj/AyqwICEq0As=","metasize":202,"blocklists":["sF4N4uojanwqwxWX0e0YtPBmaswUx7Ei3RVLg7GCdDE="]},{"type":"File","path":"/source/volumes/focalboard_data/_data/files/0/bfmcdy8j1b3dmtr8c7pxf1o7pyh/76fwrj36hptg6dywka4k5mt3sph.png","hash":"hj+8VM1yDqRcNP8mjsAV9HjfkkVGT+lwYKQWCbsQStg=","size":513945,"time":"20221108T191103Z","metahash":"Wg2SztKlBjxYtJdTtAxXLhdFM4G3TiMhlqdc6v+kq6o=","metasize":202,"blocklists":["lSLIOfI+89p03cKWY4yODlS0XqYX4M2GfjTt1v0BtSM="]},{"type":"File","path":"/source/volumes/focalboard_data/_data/files/0/bgrwnzmi53jbrbpbj6woy5am9xc/7y5kr8x8ybpnwdykjfuz57rggrh.png","hash":"xkXymOFeyJKKcsBiG6anpn+isg8FItau5PS3pifNbpg=","size":58043,"time":"20221109T055945Z","metahash":"nvnpxZ1q7t51Ewdz5vUmPDbBQ8n2MBMENE/MO9CYFR4=","metasize":202},{"type":"File","path":"/source/volumes/focalboard_data/_data/files/0/bhzcyg17xqprr3nuqi3od1oq8na/74nt9eqzea3ydjjpgjtsxcjgrxc.gif","hash":"XS7zVQhF3K09xJdx5a86uK0pM6jCdsToJ8LunPv9mjU=","size":1194827,"time":"20221108T191106Z","metahash":"YW/em+v5VG+/r6w637zmfJWlnjmEk2xav5hXq9LBsTo=","metasize":202,"blocklists":["BAtvrpzqmJx4saUJYElEhUKnlLMJrdBWl57afSw/7P4="]},{"type":"File","path":"/source/volumes/focalboard_data/_data/files/0/bhzcyg17xqprr3nuqi3od1oq8na/74uia99m9btr8peydw7oexn37tw.gif","hash":"Uk6L8gHoyIkr+hEM1lYXHgmSY8OtbbIBVHw0uDtfi0c=","size":1075628,"time":"20221108T191106Z","metahash":"YW/em+v5VG+/r6w637zmfJWlnjmEk2xav5hXq9LBsTo=","metasize":202,"blocklists":["qephBcOFyenw9v1J8JX1A6ejoEzknj1sCN0m9qubPaI="]},{"type":"File","path":"/source/volumes/focalboard_data/_data/files/0/bhzcyg17xqprr3nuqi3od1oq8na/78jws5m1myf8pufewzkaa6i11sc.gif","hash":"owXR3Xm+cchqQNCYohZRl870rHOJBgmv2bdjrshiM2s=","size":811674,"time":"20221108T191106Z","metahash":"YW/em+v5VG+/r6w637zmfJWlnjmEk2xav5hXq9LBsTo=","metasize":202,"blocklists":["0VJwnvFx4mBqXay3zZPX5LWiPs6bI4/N03O/r0EuY20="]},{"type":"File","path":"/source/volumes/focalboard_data/_data/files/0/bhzcyg17xqprr3nuqi3od1oq8na/7d6hrtig3zt8f9cnbo1um5oxx3y.gif","hash":"KxBki4Ksh+nSCltovdo8lJH5DAx/PZWeRASNkLwYAPU=","size":1043549,"time":"20221108T191106Z","metahash":"YW/em+v5VG+/r6w637zmfJWlnjmEk2xav5hXq9LBsTo=","metasize":202,"blocklists":["86U59OFuaMfzK8iW6pIUIzxuFRz5JGMpEEfNYMYdk34="]},{"type":"File","path":"/source/volumes/focalboard_data/_data/files/0/bhzcyg17xqprr3nuqi3od1oq8na/7dybb6t8fj3nrdft7nerhuf784y.png","hash":"KLHET5iak3FQQkZYPAcgyO8CDDo5orwXSZb4XGHI24E=","size":48635,"time":"20221108T191106Z","metahash":"YW/em+v5VG+/r6w637zmfJWlnjmEk2xav5hXq9LBsTo=","metasize":202},{"type":"File","path":"/source/volumes/focalboard_data/_data/files/0/bhzcyg17xqprr3nuqi3od1oq8na/7ek6wbpp19jfoujs1goh6kttbby.gif","hash":"vsz9bixPpVvR3un3EytIDD9pcQ1eZEqMCcapAMVscik=","size":648291,"time":"20221108T191107Z","metahash":"ohho6QeczRsJz3rmMO1wXMHfhb1wZNtV6xvRsqs55rs=","metasize":202,"blocklists":["OcNEFN08MqCeX0b8DcC/tkfJuGHm27NzbHz2uhueJQo="]},{"type":"File","path":"/source/volumes/focalboard_data/_data/files/0/bhzcyg17xqprr3nuqi3od1oq8na/7iw4rxx7jj7bypmdotd9z469cyh.png","hash":"6tW2hethtDitmymLxias6EGaYUvbwXS31uFIOoXZKk0=","size":62702,"time":"20221108T191107Z","metahash":"ohho6QeczRsJz3rmMO1wXMHfhb1wZNtV6xvRsqs55rs=","metasize":202},{"type":"File","path":"/source/volumes/focalboard_data/_data/files/0/bhzcyg17xqprr3nuqi3od1oq8na/7knxbyuiedtdafcgmropgkrtybr.gif","hash":"IQN0Yu+geGgclWWTkm4Flm915WOLxivfYWTiMTegzlg=","size":660888,"time":"20221108T191107Z","metahash":"ohho6QeczRsJz3rmMO1wXMHfhb1wZNtV6xvRsqs55rs=","metasize":202,"blocklists":["oLcAfyUTMyQPmEH2HKXXZpGJXVnRBuZQ2xohjuM87yA="]},{"type":"File","path":"/source/volumes/focalboard_data/_data/files/0/bi91af8bbwfb79qo3ttpun3b3ja/7y5kr8x8ybpnwdykjfuz57rggrh.png","hash":"xkXymOFeyJKKcsBiG6anpn+isg8FItau5PS3pifNbpg=","size":58043,"time":"20221108T192130Z","metahash":"N/zFMxXUfxms0X8IpnFOcQ+YVpgxLftWfWEiBrCznlo=","metasize":202},{"type":"File","path":"/source/volumes/focalboard_data/_data/files/0/bqpa9zgr6nfd3idpid7qqdnuysh/7y5kr8x8ybpnwdykjfuz57rggrh.png","hash":"xkXymOFeyJKKcsBiG6anpn+isg8FItau5PS3pifNbpg=","size":58043,"time":"20221108T184524Z","metahash":"YuM3Q9136iM829q/fe9UMNfoeNwPw4O9Y+ZiXDdzDwA=","metasize":202},{"type":"File","path":"/source/volumes/focalboard_data/_data/files/0/bsa1ij8mt67dqbxasgxmp3gf78h/77pe9r4ckbin438ph3f18bpatua.png","hash":"n6eIsAJ7G/T9IayRuv197Qan3D0mv+d5SsP2sDlk6hY=","size":2484,"time":"20221108T191105Z","metahash":"iWAhhLhUcAP91H8lo/0ZEIdfIyyn7h8TmnH31y8V3w8=","metasize":202},{"type":"File","path":"/source/volumes/focalboard_data/_data/files/0/bsa1ij8mt67dqbxasgxmp3gf78h/7pbp4qg415pbstc6enzeicnu3qh.png","hash":"uir/wS4P1oju0FqQC8qUP5/FHvGtJQoGMLY9R89euho=","size":112926,"time":"20221108T191105Z","metahash":"iWAhhLhUcAP91H8lo/0ZEIdfIyyn7h8TmnH31y8V3w8=","metasize":202,"blocklists":["sF4N4uojanwqwxWX0e0YtPBmaswUx7Ei3RVLg7GCdDE="]},{"type":"File","path":"/source/volumes/focalboard_data/_data/files/0/bsno9hd1igin9unhwzrgr917rch/76fwrj36hptg6dywka4k5mt3sph.png","hash":"hj+8VM1yDqRcNP8mjsAV9HjfkkVGT+lwYKQWCbsQStg=","size":513945,"time":"20221108T192129Z","metahash":"38ezzR+ZGvg4PuafWu4qHJvMyb9+X+nIN4Zj+bhHLZU=","metasize":202,"blocklists":["lSLIOfI+89p03cKWY4yODlS0XqYX4M2GfjTt1v0BtSM="]},{"type":"File","path":"/source/volumes/focalboard_data/_data/files/0/bu67dcpznb7r9zr8abnhorznwia/74nt9eqzea3ydjjpgjtsxcjgrxc.gif","hash":"XS7zVQhF3K09xJdx5a86uK0pM6jCdsToJ8LunPv9mjU=","size":1194827,"time":"20221108T184525Z","metahash":"xqIHLjFxw2X2GpoxcVYs7M3y6Nnx227u3m9UCwzAeos=","metasize":202,"blocklists":["BAtvrpzqmJx4saUJYElEhUKnlLMJrdBWl57afSw/7P4="]},{"type":"File","path":"/source/volumes/focalboard_data/_data/files/0/bu67dcpznb7r9zr8abnhorznwia/74uia99m9btr8peydw7oexn37tw.gif","hash":"Uk6L8gHoyIkr+hEM1lYXHgmSY8OtbbIBVHw0uDtfi0c=","size":1075628,"time":"20221108T184525Z","metahash":"xqIHLjFxw2X2GpoxcVYs7M3y6Nnx227u3m9UCwzAeos=","metasize":202,"blocklists":["qephBcOFyenw9v1J8JX1A6ejoEzknj1sCN0m9qubPaI="]},{"type":"File","path":"/source/volumes/focalboard_data/_data/files/0/bu67dcpznb7r9zr8abnhorznwia/78jws5m1myf8pufewzkaa6i11sc.gif","hash":"owXR3Xm+cchqQNCYohZRl870rHOJBgmv2bdjrshiM2s=","size":811674,"time":"20221108T184526Z","metahash":"JZuneLD/chL2M9CvOc9YPinghr/jR6CnYZeE83eqULQ=","metasize":202,"blocklists":["0VJwnvFx4mBqXay3zZPX5LWiPs6bI4/N03O/r0EuY20="]},{"type":"File","path":"/source/volumes/focalboard_data/_data/files/0/bu67dcpznb7r9zr8abnhorznwia/7d6hrtig3zt8f9cnbo1um5oxx3y.gif","hash":"KxBki4Ksh+nSCltovdo8lJH5DAx/PZWeRASNkLwYAPU=","size":1043549,"time":"20221108T184526Z","metahash":"JZuneLD/chL2M9CvOc9YPinghr/jR6CnYZeE83eqULQ=","metasize":202,"blocklists":["86U59OFuaMfzK8iW6pIUIzxuFRz5JGMpEEfNYMYdk34="]},{"type":"File","path":"/source/volumes/focalboard_data/_data/files/0/bu67dcpznb7r9zr8abnhorznwia/7dybb6t8fj3nrdft7nerhuf784y.png","hash":"KLHET5iak3FQQkZYPAcgyO8CDDo5orwXSZb4XGHI24E=","size":48635,"time":"20221108T184526Z","metahash":"JZuneLD/chL2M9CvOc9YPinghr/jR6CnYZeE83eqULQ=","metasize":202},{"type":"File","path":"/source/volumes/focalboard_data/_data/files/0/bu67dcpznb7r9zr8abnhorznwia/7ek6wbpp19jfoujs1goh6kttbby.gif","hash":"vsz9bixPpVvR3un3EytIDD9pcQ1eZEqMCcapAMVscik=","size":648291,"time":"20221108T184526Z","metahash":"JZuneLD/chL2M9CvOc9YPinghr/jR6CnYZeE83eqULQ=","metasize":202,"blocklists":["OcNEFN08MqCeX0b8DcC/tkfJuGHm27NzbHz2uhueJQo="]},{"type":"File","path":"/source/volumes/focalboard_data/_data/files/0/bu67dcpznb7r9zr8abnhorznwia/7iw4rxx7jj7bypmdotd9z469cyh.png","hash":"6tW2hethtDitmymLxias6EGaYUvbwXS31uFIOoXZKk0=","size":62702,"time":"20221108T184526Z","metahash":"JZuneLD/chL2M9CvOc9YPinghr/jR6CnYZeE83eqULQ=","metasize":202},{"type":"File","path":"/source/volumes/focalboard_data/_data/files/0/bu67dcpznb7r9zr8abnhorznwia/7knxbyuiedtdafcgmropgkrtybr.gif","hash":"IQN0Yu+geGgclWWTkm4Flm915WOLxivfYWTiMTegzlg=","size":660888,"time":"20221108T184526Z","metahash":"JZuneLD/chL2M9CvOc9YPinghr/jR6CnYZeE83eqULQ=","metasize":202,"blocklists":["oLcAfyUTMyQPmEH2HKXXZpGJXVnRBuZQ2xohjuM87yA="]},{"type":"File","path":"/source/volumes/focalboard_data/_data/files/0/bud4f7ddco7fi8pu7n3b4qwq14y/77pe9r4ckbin438ph3f18bpatua.png","hash":"n6eIsAJ7G/T9IayRuv197Qan3D0mv+d5SsP2sDlk6hY=","size":2484,"time":"20221108T184524Z","metahash":"YuM3Q9136iM829q/fe9UMNfoeNwPw4O9Y+ZiXDdzDwA=","metasize":202},{"type":"File","path":"/source/volumes/focalboard_data/_data/files/0/bud4f7ddco7fi8pu7n3b4qwq14y/7pbp4qg415pbstc6enzeicnu3qh.png","hash":"uir/wS4P1oju0FqQC8qUP5/FHvGtJQoGMLY9R89euho=","size":112926,"time":"20221108T184524Z","metahash":"YuM3Q9136iM829q/fe9UMNfoeNwPw4O9Y+ZiXDdzDwA=","metasize":202,"blocklists":["sF4N4uojanwqwxWX0e0YtPBmaswUx7Ei3RVLg7GCdDE="]},{"type":"File","path":"/source/volumes/focalboard_data/_data/files/0/bw4mtnj7bg3fd7jd48y9fdg78zw/77pe9r4ckbin438ph3f18bpatua.png","hash":"n6eIsAJ7G/T9IayRuv197Qan3D0mv+d5SsP2sDlk6hY=","size":2484,"time":"20221108T192131Z","metahash":"m1DwbHWEYYsWC4AaLpQ6zKZyf6E8DAnGtwUlv0bEVYg=","metasize":202},{"type":"File","path":"/source/volumes/focalboard_data/_data/files/0/bw4mtnj7bg3fd7jd48y9fdg78zw/7pbp4qg415pbstc6enzeicnu3qh.png","hash":"uir/wS4P1oju0FqQC8qUP5/FHvGtJQoGMLY9R89euho=","size":112926,"time":"20221108T192131Z","metahash":"BJsZe1EDULVpn4Q69ckKUxjGZi1zHR124iX+AL/QKfQ=","metasize":202,"blocklists":["sF4N4uojanwqwxWX0e0YtPBmaswUx7Ei3RVLg7GCdDE="]},{"type":"File","path":"/source/volumes/focalboard_data/_data/files/0/bwgz1q9y53pdt8p9p4jd6krka6h/7y5kr8x8ybpnwdykjfuz57rggrh.png","hash":"xkXymOFeyJKKcsBiG6anpn+isg8FItau5PS3pifNbpg=","size":58043,"time":"20221108T191104Z","metahash":"Gi3d86N0vWCAa1caw0xcmMECQVw5noud6MHQKteyt8E=","metasize":202},{"type":"File","path":"/source/volumes/focalboard_data/_data/focalboard.db","hash":"KrYBWFAxpkIp4Cb0mXGu9bCD98d8d+Nlete1dQFXVeY=","size":561152,"time":"20221109T075354Z","metahash":"bBefMIOYyNnbVBOq1gJzLzV4zIIJR6sdjEOVer++egg=","metasize":204,"blocklists":["2n8d+xywg0ptIwhUf9gFRKULK1SecdTWLp0q9ybMUh4="]}]