﻿[{"type":"Folder","path":"/source/volumes/paperless_ngx_consume/","metahash":"iZex4IlCYVYl/DPX9DcMjZADKhqOOQ2UrxGd1fKm+Ws=","metasize":192,"metablockhash":"iZex4IlCYVYl/DPX9DcMjZADKhqOOQ2UrxGd1fKm+Ws="},{"type":"Folder","path":"/source/volumes/paperless_ngx_consume/_data/","metahash":"yvm8iZ6BeyOHtzB9k0Vqs+5OoEtJxhQFvIr/ucClaSI=","metasize":158,"metablockhash":"yvm8iZ6BeyOHtzB9k0Vqs+5OoEtJxhQFvIr/ucClaSI="},{"type":"Folder","path":"/source/volumes/paperless_ngx_data/","metahash":"WojhE/ZNdJHx4fjON8o4/lXYllqjE14oXNCsWvGfdG8=","metasize":192,"metablockhash":"WojhE/ZNdJHx4fjON8o4/lXYllqjE14oXNCsWvGfdG8="},{"type":"Folder","path":"/source/volumes/paperless_ngx_data/_data/","metahash":"B2xz+uFyo1mOYMcSQBbd64BkOPmSo8hABJz9S2zV+ao=","metasize":158,"metablockhash":"B2xz+uFyo1mOYMcSQBbd64BkOPmSo8hABJz9S2zV+ao="},{"type":"Folder","path":"/source/volumes/paperless_ngx_data/_data/index/","metahash":"twt1BUv8PawN8l/WqfBBrAcgUi86IlFeLAD9T5LbZ0Q=","metasize":158,"metablockhash":"twt1BUv8PawN8l/WqfBBrAcgUi86IlFeLAD9T5LbZ0Q="},{"type":"Folder","path":"/source/volumes/paperless_ngx_data/_data/log/","metahash":"pZrgb3RIgGmlpsKPgoOaVb+Ct+0Cr0rn1jpcZVPeCtw=","metasize":158,"metablockhash":"pZrgb3RIgGmlpsKPgoOaVb+Ct+0Cr0rn1jpcZVPeCtw="},{"type":"Folder","path":"/source/volumes/paperless_ngx_export/","metahash":"yyYc+3f+yM/fU8W59RiCiFZE4spy0MEvpUqjBfMPN8A=","metasize":192,"metablockhash":"yyYc+3f+yM/fU8W59RiCiFZE4spy0MEvpUqjBfMPN8A="},{"type":"Folder","path":"/source/volumes/paperless_ngx_export/_data/","metahash":"mMUcYQKt4adw0XKZv2yhDje/W2qMm2EiasiemaaEGSE=","metasize":158,"metablockhash":"mMUcYQKt4adw0XKZv2yhDje/W2qMm2EiasiemaaEGSE="},{"type":"Folder","path":"/source/volumes/paperless_ngx_media/","metahash":"mWEzcm5DtQccWsAIs6poqDY7hLcAY4ONUd6dFjLDvLI=","metasize":192,"metablockhash":"mWEzcm5DtQccWsAIs6poqDY7hLcAY4ONUd6dFjLDvLI="},{"type":"Folder","path":"/source/volumes/paperless_ngx_media/_data/","metahash":"yvm8iZ6BeyOHtzB9k0Vqs+5OoEtJxhQFvIr/ucClaSI=","metasize":158,"metablockhash":"yvm8iZ6BeyOHtzB9k0Vqs+5OoEtJxhQFvIr/ucClaSI="},{"type":"Folder","path":"/source/volumes/paperless_ngx_media/_data/documents/","metahash":"/igk1kSexoUac5T38mp78EUa2jwxH+xtE7avJ0ifR4A=","metasize":158,"metablockhash":"/igk1kSexoUac5T38mp78EUa2jwxH+xtE7avJ0ifR4A="},{"type":"Folder","path":"/source/volumes/paperless_ngx_media/_data/documents/archive/","metahash":"p7C83iuZvs/ojqGswGQNb3NBDnSyO3Ox+NFt4e6MRK4=","metasize":158,"metablockhash":"p7C83iuZvs/ojqGswGQNb3NBDnSyO3Ox+NFt4e6MRK4="},{"type":"Folder","path":"/source/volumes/paperless_ngx_media/_data/documents/originals/","metahash":"qeeG87CBTI5jgGmmnDWnN7xOTzNvH8O8xPXRTgTaOFM=","metasize":158,"metablockhash":"qeeG87CBTI5jgGmmnDWnN7xOTzNvH8O8xPXRTgTaOFM="},{"type":"Folder","path":"/source/volumes/paperless_ngx_media/_data/documents/thumbnails/","metahash":"p7C83iuZvs/ojqGswGQNb3NBDnSyO3Ox+NFt4e6MRK4=","metasize":158,"metablockhash":"p7C83iuZvs/ojqGswGQNb3NBDnSyO3Ox+NFt4e6MRK4="},{"type":"Folder","path":"/source/volumes/paperless_ngx_redisdata/","metahash":"SE/+BccOtb2T+57XjM6wJ3XP7/D9Lbh9Hk8INzYcFl8=","metasize":192,"metablockhash":"SE/+BccOtb2T+57XjM6wJ3XP7/D9Lbh9Hk8INzYcFl8="},{"type":"Folder","path":"/source/volumes/paperless_ngx_redisdata/_data/","metahash":"IK95/8dOXzVQeuN0g7g+7tJACikX3kQ1dJQY1uxxI3E=","metasize":156,"metablockhash":"IK95/8dOXzVQeuN0g7g+7tJACikX3kQ1dJQY1uxxI3E="},{"type":"File","path":"/source/volumes/paperless_ngx_data/_data/.index_version","hash":"Q1WkaxnTSNwvV8BG+O9j1FOOu5NgAPPJ7pVKJ0YN2GU=","size":2,"time":"20221109T083815Z","metahash":"yBGUwe7mZxswpkxxJ+Yf2wNgHKiibxSgKYSwJTqYYkk=","metasize":155},{"type":"File","path":"/source/volumes/paperless_ngx_data/_data/db.sqlite3","hash":"zwdT/uKZmISr5yzMbgalm/zqj0Q0MTFTx+evYDnPjp4=","size":393216,"time":"20221117T184828Z","metahash":"1tM4dJcd46jiQbeNfeUYPv+iejuiKKtHyvcHx138+ZI=","metasize":147,"blocklists":["Qzr8FaEBOViUWeLRIykLS/Ra9v35d5V6/O8HQWs4mZY="]},{"type":"File","path":"/source/volumes/paperless_ngx_data/_data/index/MAIN_WRITELOCK","hash":"47DEQpj8HBSa+/TImW+5JCeuQeRkm5NMpJWZG3hSuFU=","size":0,"time":"20221109T083815Z","metahash":"iiJ6uhDB/NIK5g9qF6LzP/myQ3GmNBC8Xx8EnJNEubA=","metasize":147},{"type":"File","path":"/source/volumes/paperless_ngx_data/_data/index/MAIN_gh2enyoprc9o667r.seg","hash":"qHLg+VqzWZgAsAcEklLPIlDG+nJyoWiwoDXTvfnyRxQ=","size":24066,"time":"20221117T184738Z","metahash":"juNlMY0ygwTgIVxrMhmoDDRTC6wgUIoyNyzwmYO/JH8=","metasize":147},{"type":"File","path":"/source/volumes/paperless_ngx_data/_data/index/_MAIN_10.toc","hash":"phyd5RRnvfgkNmRtZBqbcJFvLH+VkkfLCut//pz6zts=","size":4961,"time":"20221117T184738Z","metahash":"juNlMY0ygwTgIVxrMhmoDDRTC6wgUIoyNyzwmYO/JH8=","metasize":147},{"type":"File","path":"/source/volumes/paperless_ngx_data/_data/log/.__paperless.lock","hash":"47DEQpj8HBSa+/TImW+5JCeuQeRkm5NMpJWZG3hSuFU=","size":0,"time":"20221117T184743Z","metahash":"tLrm+u0njtqgmedQQmBzRgsSLTnG8pyBfNtA5O3167Q=","metasize":155},{"type":"File","path":"/source/volumes/paperless_ngx_data/_data/log/paperless.log","hash":"Fj4zogaZvvj+jenmKedRxFqW/d2yBscS/1bWrFN1geM=","size":10025,"time":"20221117T184743Z","metahash":"JcAOuuGLTsIAct+yJdOFpo7h6f3UwIq9qmta03PgI+w=","metasize":147},{"type":"File","path":"/source/volumes/paperless_ngx_data/_data/migration_lock","hash":"47DEQpj8HBSa+/TImW+5JCeuQeRkm5NMpJWZG3hSuFU=","size":0,"time":"20221116T065434Z","metahash":"q04/FagPZQdNhzbsGJ2Gu2pj3+jEjl2BeTbMTvzpcP4=","metasize":147},{"type":"File","path":"/source/volumes/paperless_ngx_media/_data/documents/archive/0000001.pdf","hash":"DmkiRj8NRZp8Qj29C3Rdy4axbqls2S6+dbtymLr1AQ4=","size":155947,"time":"20221110T170329Z","metahash":"71uSHsXHscF063pcXLnRuMcR/FXSd/1I0UFWAJuCtz0=","metasize":147,"blocklists":["6ovt/dI9fvw1YEyeogXja2VDdO54ao9MRmqpoeaOEZo="]},{"type":"File","path":"/source/volumes/paperless_ngx_media/_data/documents/originals/0000001.png","hash":"JOraWHiFq2axjYBu2zOTzkQNSHaBhDrC7PZhlkJk4ec=","size":1146155,"time":"20221110T170329Z","metahash":"71uSHsXHscF063pcXLnRuMcR/FXSd/1I0UFWAJuCtz0=","metasize":147,"blocklists":["SOgUo5rFxIznvKbJybvrWH5/50MyAPN2XL7PZ4xULSE="]},{"type":"File","path":"/source/volumes/paperless_ngx_media/_data/documents/thumbnails/0000001.webp","hash":"/NK7K7QJF1V/mwHBm7pbEfPR949wB7HiSLGrXcjE/U4=","size":6490,"time":"20221110T170329Z","metahash":"71uSHsXHscF063pcXLnRuMcR/FXSd/1I0UFWAJuCtz0=","metasize":147},{"type":"File","path":"/source/volumes/paperless_ngx_media/_data/media.lock","hash":"47DEQpj8HBSa+/TImW+5JCeuQeRkm5NMpJWZG3hSuFU=","size":0,"time":"20221110T170357Z","metahash":"ruy7USR+giR4qefXCBt7r50eLUqvXAyMTh5t2QZkHm4=","metasize":147},{"type":"File","path":"/source/volumes/paperless_ngx_redisdata/_data/dump.rdb","hash":"ML+zqB8p+Pd0RpFaXF7IEpGG+SOqRDaJYAGTdxzifB4=","size":172,"time":"20221117T184709Z","metahash":"0+Vcy5tG6WOFuxAvaowyW2vGmi4ckZMopCAT+2xAhDo=","metasize":143}]