﻿[{"type":"Folder","path":"/source/volumes/paperless_ngx_consume/","metahash":"Hgc5BHhpIeK+rFTeNHkKmBiMecNyq7xDn43KPILbOpE=","metasize":192,"metablockhash":"Hgc5BHhpIeK+rFTeNHkKmBiMecNyq7xDn43KPILbOpE="},{"type":"Folder","path":"/source/volumes/paperless_ngx_consume/_data/","metahash":"ST59NXCYMTyiQMIYYk8IoMC7bha7ROMAF/QNVcNsjeM=","metasize":158,"metablockhash":"ST59NXCYMTyiQMIYYk8IoMC7bha7ROMAF/QNVcNsjeM="},{"type":"Folder","path":"/source/volumes/paperless_ngx_data/","metahash":"pJYCCPfEQMFUWmy0UezK1ii/Z16Q4mJRN4HRtGg0lYQ=","metasize":192,"metablockhash":"pJYCCPfEQMFUWmy0UezK1ii/Z16Q4mJRN4HRtGg0lYQ="},{"type":"Folder","path":"/source/volumes/paperless_ngx_data/_data/","metahash":"E6HpOBvMmbw1kd8YiHLl9YfqxtUoMiyfpNJwRpMBwBs=","metasize":158,"metablockhash":"E6HpOBvMmbw1kd8YiHLl9YfqxtUoMiyfpNJwRpMBwBs="},{"type":"Folder","path":"/source/volumes/paperless_ngx_data/_data/index/","metahash":"6KH2/JhlFMI2wF5Ghrv8R2utXjqK/VwkrKOGc8qKsCo=","metasize":158,"metablockhash":"6KH2/JhlFMI2wF5Ghrv8R2utXjqK/VwkrKOGc8qKsCo="},{"type":"Folder","path":"/source/volumes/paperless_ngx_data/_data/log/","metahash":"tDMRbj82EWFE5To+QUBYL+v2yFSnhyn1/bzjQrtkdck=","metasize":158,"metablockhash":"tDMRbj82EWFE5To+QUBYL+v2yFSnhyn1/bzjQrtkdck="},{"type":"Folder","path":"/source/volumes/paperless_ngx_export/","metahash":"6g2MnKovpziGfO5GuOoNY2euaeUrPKsguhYjlZCvq/U=","metasize":192,"metablockhash":"6g2MnKovpziGfO5GuOoNY2euaeUrPKsguhYjlZCvq/U="},{"type":"Folder","path":"/source/volumes/paperless_ngx_export/_data/","metahash":"GuVwqUxCD7qhY3VWf9VlFntK4uZhtgED8K/zBXUyuzA=","metasize":158,"metablockhash":"GuVwqUxCD7qhY3VWf9VlFntK4uZhtgED8K/zBXUyuzA="},{"type":"Folder","path":"/source/volumes/paperless_ngx_media/","metahash":"ftxIr7ZvP2aUL6p2q8wmoAJfSeYqPe793yAM01tU89g=","metasize":192,"metablockhash":"ftxIr7ZvP2aUL6p2q8wmoAJfSeYqPe793yAM01tU89g="},{"type":"Folder","path":"/source/volumes/paperless_ngx_media/_data/","metahash":"ZjNk5invUu93tW8yUC8TZfJKk7XuDVDe2bHWuuYH0/M=","metasize":158,"metablockhash":"ZjNk5invUu93tW8yUC8TZfJKk7XuDVDe2bHWuuYH0/M="},{"type":"Folder","path":"/source/volumes/paperless_ngx_media/_data/documents/","metahash":"lCje+2kX550xvbPj0Dgljdn2Nd7aorJMAkLhYGl5n8w=","metasize":158,"metablockhash":"lCje+2kX550xvbPj0Dgljdn2Nd7aorJMAkLhYGl5n8w="},{"type":"Folder","path":"/source/volumes/paperless_ngx_media/_data/documents/archive/","metahash":"692pcYxQNo66r4VSEH+dzLdrH8OIDqvXCS/Zpz8f3d8=","metasize":158,"metablockhash":"692pcYxQNo66r4VSEH+dzLdrH8OIDqvXCS/Zpz8f3d8="},{"type":"Folder","path":"/source/volumes/paperless_ngx_media/_data/documents/originals/","metahash":"ZjNk5invUu93tW8yUC8TZfJKk7XuDVDe2bHWuuYH0/M=","metasize":158,"metablockhash":"ZjNk5invUu93tW8yUC8TZfJKk7XuDVDe2bHWuuYH0/M="},{"type":"Folder","path":"/source/volumes/paperless_ngx_media/_data/documents/thumbnails/","metahash":"692pcYxQNo66r4VSEH+dzLdrH8OIDqvXCS/Zpz8f3d8=","metasize":158,"metablockhash":"692pcYxQNo66r4VSEH+dzLdrH8OIDqvXCS/Zpz8f3d8="},{"type":"Folder","path":"/source/volumes/paperless_ngx_redisdata/","metahash":"jJ6IpkmIycWw/cG47wo/fPEhnmFuWauEzGYcEV7KsSk=","metasize":192,"metablockhash":"jJ6IpkmIycWw/cG47wo/fPEhnmFuWauEzGYcEV7KsSk="},{"type":"Folder","path":"/source/volumes/paperless_ngx_redisdata/_data/","metahash":"9pTlPSvwpCWO4ynOXBLnnogbRLFI1n5Whoq+6H5EWHo=","metasize":156,"metablockhash":"9pTlPSvwpCWO4ynOXBLnnogbRLFI1n5Whoq+6H5EWHo="},{"type":"File","path":"/source/volumes/paperless_ngx_data/_data/.index_version","hash":"Q1WkaxnTSNwvV8BG+O9j1FOOu5NgAPPJ7pVKJ0YN2GU=","size":2,"time":"20221109T083815Z","metahash":"kxAFMaaFEYYn/yR/PZtUQOKczm9JBKvDbhU0cW84BXo=","metasize":155},{"type":"File","path":"/source/volumes/paperless_ngx_data/_data/db.sqlite3","hash":"qmcjdX2ayou3z/YIi/z5ziqefkVdpn1f/5mCLqkJYzs=","size":385024,"time":"20221110T170357Z","metahash":"T9nU2oen4tnfDcUkJCy7ApzH7pbnubMejJoqo03v9VY=","metasize":147,"blocklists":["NRVE+6r3+K/bZ9j6i294fd18H/toRSEworFCkbJkkGk="]},{"type":"File","path":"/source/volumes/paperless_ngx_data/_data/index/MAIN_WRITELOCK","hash":"47DEQpj8HBSa+/TImW+5JCeuQeRkm5NMpJWZG3hSuFU=","size":0,"time":"20221109T083815Z","metahash":"iiJ6uhDB/NIK5g9qF6LzP/myQ3GmNBC8Xx8EnJNEubA=","metasize":147},{"type":"File","path":"/source/volumes/paperless_ngx_data/_data/index/MAIN_cx8mtejdm3khehdu.seg","hash":"rWfGbbNigr0xXSscjbUEYwWMXyj9VS6QpBA28SEyQio=","size":24066,"time":"20221110T170357Z","metahash":"2rphfJx3Z6BYmwO/jtFpovW1dS0I+vZxQTn4qe4hoS0=","metasize":147},{"type":"File","path":"/source/volumes/paperless_ngx_data/_data/index/MAIN_vbeudpztm4ek6n4k.seg","hash":"BdanW7Vz2JlRt8mHgBIDCAFjJgiOWWB4WEsRNAJXUZA=","size":22906,"time":"20221110T170329Z","metahash":"QLnjVFMj0+VkPmczyEAo6HKF20XavZ3XpkMIBKM45XQ=","metasize":147},{"type":"File","path":"/source/volumes/paperless_ngx_data/_data/index/_MAIN_5.toc","hash":"+TSiiGknphbk5fO4avMPxmnoqAarUoU2f6rKvedlUHc=","size":5075,"time":"20221110T170357Z","metahash":"z2sog7t0d45fNcpIor80RW7RKFYqENHB9In0oRk75Js=","metasize":147},{"type":"File","path":"/source/volumes/paperless_ngx_data/_data/log/.__paperless.lock","hash":"47DEQpj8HBSa+/TImW+5JCeuQeRkm5NMpJWZG3hSuFU=","size":0,"time":"20221110T170331Z","metahash":"moIH//dj3kOunAnNVIMmTShOcGNbeZiRkNULUjrgmMA=","metasize":155},{"type":"File","path":"/source/volumes/paperless_ngx_data/_data/log/paperless.log","hash":"KhDlVkZ+l+551xZ+OWQB7T0x34PQdVAi/ZOn6xW3x+I=","size":7911,"time":"20221110T170331Z","metahash":"0tDysz27BNk9dXVoDpA9M5QB5gW41seAWQmqmCFJUx0=","metasize":147},{"type":"File","path":"/source/volumes/paperless_ngx_data/_data/migration_lock","hash":"47DEQpj8HBSa+/TImW+5JCeuQeRkm5NMpJWZG3hSuFU=","size":0,"time":"20221110T134627Z","metahash":"r7dqcf4EdWEyJ3va/5zoEPuqkKH/FDzN6MrfVjOm7D8=","metasize":147},{"type":"File","path":"/source/volumes/paperless_ngx_media/_data/documents/archive/0000001.pdf","hash":"DmkiRj8NRZp8Qj29C3Rdy4axbqls2S6+dbtymLr1AQ4=","size":155947,"time":"20221110T170329Z","metahash":"+bmH2MEFreJkVthu7ZzAaRkfLO9Bm+upEUAQ+7ryGQA=","metasize":147,"blocklists":["6ovt/dI9fvw1YEyeogXja2VDdO54ao9MRmqpoeaOEZo="]},{"type":"File","path":"/source/volumes/paperless_ngx_media/_data/documents/originals/0000001.png","hash":"JOraWHiFq2axjYBu2zOTzkQNSHaBhDrC7PZhlkJk4ec=","size":1146155,"time":"20221110T170329Z","metahash":"+bmH2MEFreJkVthu7ZzAaRkfLO9Bm+upEUAQ+7ryGQA=","metasize":147,"blocklists":["SOgUo5rFxIznvKbJybvrWH5/50MyAPN2XL7PZ4xULSE="]},{"type":"File","path":"/source/volumes/paperless_ngx_media/_data/documents/thumbnails/0000001.webp","hash":"/NK7K7QJF1V/mwHBm7pbEfPR949wB7HiSLGrXcjE/U4=","size":6490,"time":"20221110T170329Z","metahash":"+bmH2MEFreJkVthu7ZzAaRkfLO9Bm+upEUAQ+7ryGQA=","metasize":147},{"type":"File","path":"/source/volumes/paperless_ngx_media/_data/media.lock","hash":"47DEQpj8HBSa+/TImW+5JCeuQeRkm5NMpJWZG3hSuFU=","size":0,"time":"20221110T170357Z","metahash":"CDP9TvXuA29mbztCDkR4DiaYDYWlWqoip5q3cn5F9d0=","metasize":147},{"type":"File","path":"/source/volumes/paperless_ngx_redisdata/_data/dump.rdb","hash":"3yr7DfRD7mEiNjZWNSghzxZNTtLjpVBQZEbivYedFYM=","size":865,"time":"20221110T170329Z","metahash":"7DTK1jY8gGdZnKZVPgl+5m7wXknXZYoSS8zNYOnKoJo=","metasize":143}]