﻿[{"type":"Folder","path":"/source/volumes/paperless_ngx_consume/","metahash":"iZex4IlCYVYl/DPX9DcMjZADKhqOOQ2UrxGd1fKm+Ws=","metasize":192,"metablockhash":"iZex4IlCYVYl/DPX9DcMjZADKhqOOQ2UrxGd1fKm+Ws="},{"type":"Folder","path":"/source/volumes/paperless_ngx_consume/_data/","metahash":"QOyANzBJ+Yj9y4odnazsZkMsDN3QTuKYwCcPyuLd5NE=","metasize":158,"metablockhash":"QOyANzBJ+Yj9y4odnazsZkMsDN3QTuKYwCcPyuLd5NE="},{"type":"Folder","path":"/source/volumes/paperless_ngx_data/","metahash":"WojhE/ZNdJHx4fjON8o4/lXYllqjE14oXNCsWvGfdG8=","metasize":192,"metablockhash":"WojhE/ZNdJHx4fjON8o4/lXYllqjE14oXNCsWvGfdG8="},{"type":"Folder","path":"/source/volumes/paperless_ngx_data/_data/","metahash":"Fk2x6ccMTRKHqmkXz0tBnL/t1WJ/kfYnH+gWaQKWLRw=","metasize":158,"metablockhash":"Fk2x6ccMTRKHqmkXz0tBnL/t1WJ/kfYnH+gWaQKWLRw="},{"type":"Folder","path":"/source/volumes/paperless_ngx_data/_data/index/","metahash":"0pH4kFymcTXgMo+SHJReS0X3RVcqDTPzLj0RWAUrUL0=","metasize":158,"metablockhash":"0pH4kFymcTXgMo+SHJReS0X3RVcqDTPzLj0RWAUrUL0="},{"type":"Folder","path":"/source/volumes/paperless_ngx_data/_data/log/","metahash":"pZrgb3RIgGmlpsKPgoOaVb+Ct+0Cr0rn1jpcZVPeCtw=","metasize":158,"metablockhash":"pZrgb3RIgGmlpsKPgoOaVb+Ct+0Cr0rn1jpcZVPeCtw="},{"type":"Folder","path":"/source/volumes/paperless_ngx_export/","metahash":"yyYc+3f+yM/fU8W59RiCiFZE4spy0MEvpUqjBfMPN8A=","metasize":192,"metablockhash":"yyYc+3f+yM/fU8W59RiCiFZE4spy0MEvpUqjBfMPN8A="},{"type":"Folder","path":"/source/volumes/paperless_ngx_export/_data/","metahash":"mMUcYQKt4adw0XKZv2yhDje/W2qMm2EiasiemaaEGSE=","metasize":158,"metablockhash":"mMUcYQKt4adw0XKZv2yhDje/W2qMm2EiasiemaaEGSE="},{"type":"Folder","path":"/source/volumes/paperless_ngx_media/","metahash":"mWEzcm5DtQccWsAIs6poqDY7hLcAY4ONUd6dFjLDvLI=","metasize":192,"metablockhash":"mWEzcm5DtQccWsAIs6poqDY7hLcAY4ONUd6dFjLDvLI="},{"type":"Folder","path":"/source/volumes/paperless_ngx_media/_data/","metahash":"QOyANzBJ+Yj9y4odnazsZkMsDN3QTuKYwCcPyuLd5NE=","metasize":158,"metablockhash":"QOyANzBJ+Yj9y4odnazsZkMsDN3QTuKYwCcPyuLd5NE="},{"type":"Folder","path":"/source/volumes/paperless_ngx_media/_data/documents/","metahash":"/igk1kSexoUac5T38mp78EUa2jwxH+xtE7avJ0ifR4A=","metasize":158,"metablockhash":"/igk1kSexoUac5T38mp78EUa2jwxH+xtE7avJ0ifR4A="},{"type":"Folder","path":"/source/volumes/paperless_ngx_media/_data/documents/archive/","metahash":"p7C83iuZvs/ojqGswGQNb3NBDnSyO3Ox+NFt4e6MRK4=","metasize":158,"metablockhash":"p7C83iuZvs/ojqGswGQNb3NBDnSyO3Ox+NFt4e6MRK4="},{"type":"Folder","path":"/source/volumes/paperless_ngx_media/_data/documents/originals/","metahash":"qeeG87CBTI5jgGmmnDWnN7xOTzNvH8O8xPXRTgTaOFM=","metasize":158,"metablockhash":"qeeG87CBTI5jgGmmnDWnN7xOTzNvH8O8xPXRTgTaOFM="},{"type":"Folder","path":"/source/volumes/paperless_ngx_media/_data/documents/thumbnails/","metahash":"p7C83iuZvs/ojqGswGQNb3NBDnSyO3Ox+NFt4e6MRK4=","metasize":158,"metablockhash":"p7C83iuZvs/ojqGswGQNb3NBDnSyO3Ox+NFt4e6MRK4="},{"type":"Folder","path":"/source/volumes/paperless_ngx_redisdata/","metahash":"SE/+BccOtb2T+57XjM6wJ3XP7/D9Lbh9Hk8INzYcFl8=","metasize":192,"metablockhash":"SE/+BccOtb2T+57XjM6wJ3XP7/D9Lbh9Hk8INzYcFl8="},{"type":"Folder","path":"/source/volumes/paperless_ngx_redisdata/_data/","metahash":"ZBgYWiyxweE/eeOMzRFshdatKc0NUhNh2TLH3X5tmTA=","metasize":156,"metablockhash":"ZBgYWiyxweE/eeOMzRFshdatKc0NUhNh2TLH3X5tmTA="},{"type":"File","path":"/source/volumes/paperless_ngx_data/_data/.index_version","hash":"Q1WkaxnTSNwvV8BG+O9j1FOOu5NgAPPJ7pVKJ0YN2GU=","size":2,"time":"20221109T083815Z","metahash":"yBGUwe7mZxswpkxxJ+Yf2wNgHKiibxSgKYSwJTqYYkk=","metasize":155},{"type":"File","path":"/source/volumes/paperless_ngx_data/_data/db.sqlite3","hash":"bLztR6ofrhTlR+xRv7+l+0HbcVMEDHnJHJsVZtJ8fiY=","size":393216,"time":"20221118T084227Z","metahash":"uduZzyEmGIeX6FLMZFmqeSXjdaQyVgkCvG0hL0lWgqk=","metasize":147,"blocklists":["UGgUeRKDkaseFQLkrvkxd+BpN2OjUcZgBt+McS+uvcI="]},{"type":"File","path":"/source/volumes/paperless_ngx_data/_data/index/MAIN_9pflnlkkqexn5ew2.seg","hash":"csVy6/wk+eWkuKLIolmHLNHxHley0I3U8V0NqKgOQ5k=","size":24072,"time":"20221118T084227Z","metahash":"HXkYT0kyerZO/0ycJ4j0E6r8q1boVicmc7pTeETGg6E=","metasize":147},{"type":"File","path":"/source/volumes/paperless_ngx_data/_data/index/MAIN_WRITELOCK","hash":"47DEQpj8HBSa+/TImW+5JCeuQeRkm5NMpJWZG3hSuFU=","size":0,"time":"20221109T083815Z","metahash":"iiJ6uhDB/NIK5g9qF6LzP/myQ3GmNBC8Xx8EnJNEubA=","metasize":147},{"type":"File","path":"/source/volumes/paperless_ngx_data/_data/index/_MAIN_11.toc","hash":"A2Hx/eRcibC30wEUvUuNlrbXlDqYkofx/rcaoU7Ph5c=","size":4961,"time":"20221118T084227Z","metahash":"HXkYT0kyerZO/0ycJ4j0E6r8q1boVicmc7pTeETGg6E=","metasize":147},{"type":"File","path":"/source/volumes/paperless_ngx_data/_data/log/.__paperless.lock","hash":"47DEQpj8HBSa+/TImW+5JCeuQeRkm5NMpJWZG3hSuFU=","size":0,"time":"20221117T194726Z","metahash":"0fOFfN4eDC7xDxRy22mi8df83CEDynxhVoEMMtnRCos=","metasize":155},{"type":"File","path":"/source/volumes/paperless_ngx_data/_data/log/paperless.log","hash":"jb9/3NrMNLlBiFWfHZjObojKMzNeT5/PMjtxDzfsdIk=","size":10163,"time":"20221117T194726Z","metahash":"K4ush9B3NfrCNCo05P/4pshQS9acKaAPGaVKAgXF9gA=","metasize":147},{"type":"File","path":"/source/volumes/paperless_ngx_data/_data/migration_lock","hash":"47DEQpj8HBSa+/TImW+5JCeuQeRkm5NMpJWZG3hSuFU=","size":0,"time":"20221117T194718Z","metahash":"u6xA15jos67dRlYu6tDPqM5C6T7MRErwilwfkir9VFA=","metasize":147},{"type":"File","path":"/source/volumes/paperless_ngx_media/_data/documents/archive/0000001.pdf","hash":"DmkiRj8NRZp8Qj29C3Rdy4axbqls2S6+dbtymLr1AQ4=","size":155947,"time":"20221110T170329Z","metahash":"71uSHsXHscF063pcXLnRuMcR/FXSd/1I0UFWAJuCtz0=","metasize":147,"blocklists":["6ovt/dI9fvw1YEyeogXja2VDdO54ao9MRmqpoeaOEZo="]},{"type":"File","path":"/source/volumes/paperless_ngx_media/_data/documents/originals/0000001.png","hash":"JOraWHiFq2axjYBu2zOTzkQNSHaBhDrC7PZhlkJk4ec=","size":1146155,"time":"20221110T170329Z","metahash":"71uSHsXHscF063pcXLnRuMcR/FXSd/1I0UFWAJuCtz0=","metasize":147,"blocklists":["SOgUo5rFxIznvKbJybvrWH5/50MyAPN2XL7PZ4xULSE="]},{"type":"File","path":"/source/volumes/paperless_ngx_media/_data/documents/thumbnails/0000001.webp","hash":"/NK7K7QJF1V/mwHBm7pbEfPR949wB7HiSLGrXcjE/U4=","size":6490,"time":"20221110T170329Z","metahash":"71uSHsXHscF063pcXLnRuMcR/FXSd/1I0UFWAJuCtz0=","metasize":147},{"type":"File","path":"/source/volumes/paperless_ngx_media/_data/media.lock","hash":"47DEQpj8HBSa+/TImW+5JCeuQeRkm5NMpJWZG3hSuFU=","size":0,"time":"20221110T170357Z","metahash":"ruy7USR+giR4qefXCBt7r50eLUqvXAyMTh5t2QZkHm4=","metasize":147},{"type":"File","path":"/source/volumes/paperless_ngx_redisdata/_data/dump.rdb","hash":"8rZOTc2Q4clBcWRi0UJGWZGel1ggwrcQbYdruo9CVEQ=","size":172,"time":"20221118T084203Z","metahash":"78056XsfK8ivI/ZOGf+5Xx6DMdbxDySiGUWN665wSOg=","metasize":143}]