﻿[{"type":"Folder","path":"/source/volumes/portainer_data/","metahash":"oI+9kUCVm6OVwSvOdLg4eiHysXj0wBdUuCY6rblysvA=","metasize":192,"metablockhash":"oI+9kUCVm6OVwSvOdLg4eiHysXj0wBdUuCY6rblysvA="},{"type":"Folder","path":"/source/volumes/portainer_data/_data/","metahash":"OoT1VL0DRSLQfCjntt7cfI+H2e2GzUh76hezOUs9fwQ=","metasize":192,"metablockhash":"OoT1VL0DRSLQfCjntt7cfI+H2e2GzUh76hezOUs9fwQ="},{"type":"Folder","path":"/source/volumes/portainer_data/_data/bin/","metahash":"FdPGNi5RhHR4gmbiJaFFigQWvrFL1AfnnSMkdDFN7nU=","metasize":192,"metablockhash":"FdPGNi5RhHR4gmbiJaFFigQWvrFL1AfnnSMkdDFN7nU="},{"type":"Folder","path":"/source/volumes/portainer_data/_data/certs/","metahash":"+8v7gWRWHdq1D37vJcjIdyrivigC83t46B2j7EZqYH4=","metasize":192,"metablockhash":"+8v7gWRWHdq1D37vJcjIdyrivigC83t46B2j7EZqYH4="},{"type":"Folder","path":"/source/volumes/portainer_data/_data/compose/","metahash":"FdPGNi5RhHR4gmbiJaFFigQWvrFL1AfnnSMkdDFN7nU=","metasize":192,"metablockhash":"FdPGNi5RhHR4gmbiJaFFigQWvrFL1AfnnSMkdDFN7nU="},{"type":"Folder","path":"/source/volumes/portainer_data/_data/docker_config/","metahash":"eq/twyrlMVXqq6Kn5mtu62OP6T9Fu1lBWMph9jPpmIY=","metasize":192,"metablockhash":"eq/twyrlMVXqq6Kn5mtu62OP6T9Fu1lBWMph9jPpmIY="},{"type":"Folder","path":"/source/volumes/portainer_data/_data/tls/","metahash":"FdPGNi5RhHR4gmbiJaFFigQWvrFL1AfnnSMkdDFN7nU=","metasize":192,"metablockhash":"FdPGNi5RhHR4gmbiJaFFigQWvrFL1AfnnSMkdDFN7nU="},{"type":"File","path":"/source/volumes/portainer_data/_data/certs/cert.pem","hash":"mcwpxl5+W08pTL7xAKmV+o08T/4ib/ehElmY9hYubf8=","size":522,"time":"20221108T211148Z","metahash":"Y21CBuqhnPh8JeWgwa/ZXW+c7kmCEY63FrW8LnGM59g=","metasize":189},{"type":"File","path":"/source/volumes/portainer_data/_data/certs/key.pem","hash":"jhGdMZgHA28o+Wy7szB3Ci2yvvg5BGHg/otaOXxA564=","size":227,"time":"20221108T211148Z","metahash":"Y21CBuqhnPh8JeWgwa/ZXW+c7kmCEY63FrW8LnGM59g=","metasize":189},{"type":"File","path":"/source/volumes/portainer_data/_data/docker_config/config.json","hash":"gxyiUp+hYjJ1eBV30TN/3gdwfYRzmOE+AILo6KUB6vQ=","size":389,"time":"20221108T212813Z","metahash":"JpbHWe4Jw39zkXfTD+M+kyZi4rcp/LEejESAZYO2X2o=","metasize":189},{"type":"File","path":"/source/volumes/portainer_data/_data/portainer.db","hash":"t38Nf67EE2L+CMkWnfPWW6lQuDJ6qjPL2lf67zlQgvo=","size":188416,"time":"20221109T081300Z","metahash":"k/oYywlXJ0MHlC+irPzZTETQaxmDJIVablJOsOh4/U0=","metasize":189,"blocklists":["+PdXtvTYrPx2a/fPnctiqtql4DzR4CX9i0Kt0GMGCck="]},{"type":"File","path":"/source/volumes/portainer_data/_data/portainer.key","hash":"cyMW3UM66n+WfUupJcIq6eysPJoI52cf2K10I4z7DmA=","size":227,"time":"20221108T211148Z","metahash":"vyREjlUGAVRue/Ve1B7TlCJqhbefLM2h8s3GnmNyEAg=","metasize":189},{"type":"File","path":"/source/volumes/portainer_data/_data/portainer.pub","hash":"L4RrhDl/5cteGJROGJ8/sIPPj0g31QLb5t2ZHcP/GwI=","size":190,"time":"20221108T211148Z","metahash":"vyREjlUGAVRue/Ve1B7TlCJqhbefLM2h8s3GnmNyEAg=","metasize":189}]