﻿[{"type":"Folder","path":"/source/volumes/focalboard_data/","metahash":"VtZGKsvBY9YjO5zCg8B/tE7oShYt7r75EaAXD9qdWT8=","metasize":192,"metablockhash":"VtZGKsvBY9YjO5zCg8B/tE7oShYt7r75EaAXD9qdWT8="},{"type":"Folder","path":"/source/volumes/focalboard_data/_data/","metahash":"OIxnzSBM2wmrycw0DphYj7sAqVtEfjY3eoYXmTYXlak=","metasize":215,"metablockhash":"OIxnzSBM2wmrycw0DphYj7sAqVtEfjY3eoYXmTYXlak="},{"type":"Folder","path":"/source/volumes/focalboard_data/_data/files/","metahash":"D8nYbTI4a2Wa4b2A3jL8lsFBpGu42/nPuTc1EBsS49M=","metasize":205,"metablockhash":"D8nYbTI4a2Wa4b2A3jL8lsFBpGu42/nPuTc1EBsS49M="},{"type":"Folder","path":"/source/volumes/focalboard_data/_data/files/0/","metahash":"gKs16Cu5lLnNfHhR89Y5q+MRhR9g2K1qi6G81sVQv2Y=","metasize":205,"metablockhash":"gKs16Cu5lLnNfHhR89Y5q+MRhR9g2K1qi6G81sVQv2Y="},{"type":"Folder","path":"/source/volumes/focalboard_data/_data/files/0/b3k44kf8nhpfo3fqq5gqgecihhy/","metahash":"D8nYbTI4a2Wa4b2A3jL8lsFBpGu42/nPuTc1EBsS49M=","metasize":205,"metablockhash":"D8nYbTI4a2Wa4b2A3jL8lsFBpGu42/nPuTc1EBsS49M="},{"type":"Folder","path":"/source/volumes/focalboard_data/_data/files/0/b454q77kexffhzp9kecdmhyoyec/","metahash":"mtYAuVouJuLgW2URew5f9z37SNrvuUlPrU7cFrXoxLg=","metasize":205,"metablockhash":"mtYAuVouJuLgW2URew5f9z37SNrvuUlPrU7cFrXoxLg="},{"type":"Folder","path":"/source/volumes/focalboard_data/_data/files/0/b49xndmtosfnk9qubfogsyn3dkh/","metahash":"UzOVJYuBj3ovH6xOJBHBV7CEyW9Jf5fYBrk2LUUM10k=","metasize":205,"metablockhash":"UzOVJYuBj3ovH6xOJBHBV7CEyW9Jf5fYBrk2LUUM10k="},{"type":"Folder","path":"/source/volumes/focalboard_data/_data/files/0/b7mq57gpbb7n8zgmfmqwbopdcpa/","metahash":"LdsRRFOvHezHEwm4jfq9uC5nvKZCMpdzAVxf62LnJRY=","metasize":205,"metablockhash":"LdsRRFOvHezHEwm4jfq9uC5nvKZCMpdzAVxf62LnJRY="},{"type":"Folder","path":"/source/volumes/focalboard_data/_data/files/0/b7zxmyoszktrxf874r34gdw4oze/","metahash":"zVIEmtleyEJW1afg+7QewrmCvPa84mlM1iS7x3u/Pys=","metasize":205,"metablockhash":"zVIEmtleyEJW1afg+7QewrmCvPa84mlM1iS7x3u/Pys="},{"type":"Folder","path":"/source/volumes/focalboard_data/_data/files/0/bcsq3qm88y7d4intee3f5ira6qh/","metahash":"nsyDkockt5QHS5rHs3W8Kryj3EMJO4WJ5YZQB8/li3c=","metasize":205,"metablockhash":"nsyDkockt5QHS5rHs3W8Kryj3EMJO4WJ5YZQB8/li3c="},{"type":"Folder","path":"/source/volumes/focalboard_data/_data/files/0/bdcygethi83fgxgn5kmcy3u4peh/","metahash":"Bb7hm2Wak7iKzvm1Lg/P9AqRwqCEGnB86F7l8Idi75I=","metasize":205,"metablockhash":"Bb7hm2Wak7iKzvm1Lg/P9AqRwqCEGnB86F7l8Idi75I="},{"type":"Folder","path":"/source/volumes/focalboard_data/_data/files/0/bfmcdy8j1b3dmtr8c7pxf1o7pyh/","metahash":"wcygSLNDKjcnD+WBMmXeEZeTg70KQfnzbBoIQhumwz8=","metasize":205,"metablockhash":"wcygSLNDKjcnD+WBMmXeEZeTg70KQfnzbBoIQhumwz8="},{"type":"Folder","path":"/source/volumes/focalboard_data/_data/files/0/bga3jq5p8gffzi8ysjfmt9g8p4e/","metahash":"lEobjTM+3+4t6dyVs1x/EdI6k0R3fdpodkkuKhV/AvE=","metasize":205,"metablockhash":"lEobjTM+3+4t6dyVs1x/EdI6k0R3fdpodkkuKhV/AvE="},{"type":"Folder","path":"/source/volumes/focalboard_data/_data/files/0/bgrwnzmi53jbrbpbj6woy5am9xc/","metahash":"H9ytQdeGZDaqb6hGXJ/reV6c7Hkjjf+el+9QLZD/e5k=","metasize":205,"metablockhash":"H9ytQdeGZDaqb6hGXJ/reV6c7Hkjjf+el+9QLZD/e5k="},{"type":"Folder","path":"/source/volumes/focalboard_data/_data/files/0/bhzcyg17xqprr3nuqi3od1oq8na/","metahash":"9wcCu4JjU90RbAmY30q6IrDnz2+4LvgqpIXemx0gUOg=","metasize":205,"metablockhash":"9wcCu4JjU90RbAmY30q6IrDnz2+4LvgqpIXemx0gUOg="},{"type":"Folder","path":"/source/volumes/focalboard_data/_data/files/0/bi91af8bbwfb79qo3ttpun3b3ja/","metahash":"XzLFJ35VUtMaT4qTx1U9IM7+0kci3G1ZiyApiW9zLkE=","metasize":205,"metablockhash":"XzLFJ35VUtMaT4qTx1U9IM7+0kci3G1ZiyApiW9zLkE="},{"type":"Folder","path":"/source/volumes/focalboard_data/_data/files/0/bqpa9zgr6nfd3idpid7qqdnuysh/","metahash":"vI5Dbp7KH+hdBN09J5atxtpilpIhfWiEVVsMO6ckCEA=","metasize":205,"metablockhash":"vI5Dbp7KH+hdBN09J5atxtpilpIhfWiEVVsMO6ckCEA="},{"type":"Folder","path":"/source/volumes/focalboard_data/_data/files/0/bsa1ij8mt67dqbxasgxmp3gf78h/","metahash":"Xlnw5p4+fGLkYLEwvy+nFZotGUrEXnGKz3fRBX3jY4s=","metasize":205,"metablockhash":"Xlnw5p4+fGLkYLEwvy+nFZotGUrEXnGKz3fRBX3jY4s="},{"type":"Folder","path":"/source/volumes/focalboard_data/_data/files/0/bsno9hd1igin9unhwzrgr917rch/","metahash":"bZn+8xlmlQPrkph2aP/6f0UAPbgxGr3/7JcOHUXcslo=","metasize":205,"metablockhash":"bZn+8xlmlQPrkph2aP/6f0UAPbgxGr3/7JcOHUXcslo="},{"type":"Folder","path":"/source/volumes/focalboard_data/_data/files/0/bstxpyxbxqjdnzfr3ii1nuxhinh/","metahash":"/ygJYa0AtHLGyDi+A/48HxE8nfWHUni/qNgMmwC/sS0=","metasize":205,"metablockhash":"/ygJYa0AtHLGyDi+A/48HxE8nfWHUni/qNgMmwC/sS0="},{"type":"Folder","path":"/source/volumes/focalboard_data/_data/files/0/bu67dcpznb7r9zr8abnhorznwia/","metahash":"y9tMQIzD79AvEKNLFdvS3q5ac+7vTBPSmDX0q65AbXk=","metasize":205,"metablockhash":"y9tMQIzD79AvEKNLFdvS3q5ac+7vTBPSmDX0q65AbXk="},{"type":"Folder","path":"/source/volumes/focalboard_data/_data/files/0/bud4f7ddco7fi8pu7n3b4qwq14y/","metahash":"vI5Dbp7KH+hdBN09J5atxtpilpIhfWiEVVsMO6ckCEA=","metasize":205,"metablockhash":"vI5Dbp7KH+hdBN09J5atxtpilpIhfWiEVVsMO6ckCEA="},{"type":"Folder","path":"/source/volumes/focalboard_data/_data/files/0/bw4mtnj7bg3fd7jd48y9fdg78zw/","metahash":"KJAL5q/AR0mnR6z8Om33xIE19HWI0jO6ZzaXpXKK3Do=","metasize":205,"metablockhash":"KJAL5q/AR0mnR6z8Om33xIE19HWI0jO6ZzaXpXKK3Do="},{"type":"Folder","path":"/source/volumes/focalboard_data/_data/files/0/bwgz1q9y53pdt8p9p4jd6krka6h/","metahash":"EfLCqhNpgQAxuE6M5/dRpSlfs7qsRYNZEjEyJa6iaR8=","metasize":205,"metablockhash":"EfLCqhNpgQAxuE6M5/dRpSlfs7qsRYNZEjEyJa6iaR8="},{"type":"File","path":"/source/volumes/focalboard_data/_data/files/0/b3k44kf8nhpfo3fqq5gqgecihhy/76fwrj36hptg6dywka4k5mt3sph.png","hash":"hj+8VM1yDqRcNP8mjsAV9HjfkkVGT+lwYKQWCbsQStg=","size":513945,"time":"20221108T184523Z","metahash":"N1o4UlgMPWs/bGoScHaFIGY7q0Yp5KKex5I0og64OtM=","metasize":202,"blocklists":["lSLIOfI+89p03cKWY4yODlS0XqYX4M2GfjTt1v0BtSM="]},{"type":"File","path":"/source/volumes/focalboard_data/_data/files/0/b454q77kexffhzp9kecdmhyoyec/74nt9eqzea3ydjjpgjtsxcjgrxc.gif","hash":"XS7zVQhF3K09xJdx5a86uK0pM6jCdsToJ8LunPv9mjU=","size":1194827,"time":"20221109T055946Z","metahash":"qZ1jZouqPXkHtJdgcf9h0jaNz7OE6aNRPoc8YTrWqF8=","metasize":202,"blocklists":["BAtvrpzqmJx4saUJYElEhUKnlLMJrdBWl57afSw/7P4="]},{"type":"File","path":"/source/volumes/focalboard_data/_data/files/0/b454q77kexffhzp9kecdmhyoyec/74uia99m9btr8peydw7oexn37tw.gif","hash":"Uk6L8gHoyIkr+hEM1lYXHgmSY8OtbbIBVHw0uDtfi0c=","size":1075628,"time":"20221109T055947Z","metahash":"RM6VAopIk263Vj2ij1lb/j3+PVN+hfCkf4u74MPGggw=","metasize":202,"blocklists":["qephBcOFyenw9v1J8JX1A6ejoEzknj1sCN0m9qubPaI="]},{"type":"File","path":"/source/volumes/focalboard_data/_data/files/0/b454q77kexffhzp9kecdmhyoyec/78jws5m1myf8pufewzkaa6i11sc.gif","hash":"owXR3Xm+cchqQNCYohZRl870rHOJBgmv2bdjrshiM2s=","size":811674,"time":"20221109T055947Z","metahash":"vF7hHjEEtQjlGsurA9SItAFciGsoc1tCYc4PEQzHfHw=","metasize":202,"blocklists":["0VJwnvFx4mBqXay3zZPX5LWiPs6bI4/N03O/r0EuY20="]},{"type":"File","path":"/source/volumes/focalboard_data/_data/files/0/b454q77kexffhzp9kecdmhyoyec/7d6hrtig3zt8f9cnbo1um5oxx3y.gif","hash":"KxBki4Ksh+nSCltovdo8lJH5DAx/PZWeRASNkLwYAPU=","size":1043549,"time":"20221109T055947Z","metahash":"mM4aVjkjNh/yNQ+r9h93W8ODRowDKWV2TPds09KV2RA=","metasize":202,"blocklists":["86U59OFuaMfzK8iW6pIUIzxuFRz5JGMpEEfNYMYdk34="]},{"type":"File","path":"/source/volumes/focalboard_data/_data/files/0/b454q77kexffhzp9kecdmhyoyec/7dybb6t8fj3nrdft7nerhuf784y.png","hash":"KLHET5iak3FQQkZYPAcgyO8CDDo5orwXSZb4XGHI24E=","size":48635,"time":"20221109T055947Z","metahash":"X/sH79LH95zHgtAeelutWVP0Q2Dar8yX+G610KNla4U=","metasize":202},{"type":"File","path":"/source/volumes/focalboard_data/_data/files/0/b454q77kexffhzp9kecdmhyoyec/7ek6wbpp19jfoujs1goh6kttbby.gif","hash":"vsz9bixPpVvR3un3EytIDD9pcQ1eZEqMCcapAMVscik=","size":648291,"time":"20221109T055947Z","metahash":"I5qz3MmaXXUKseAL00KRiKjBM9WbZ0jOG9Y7uFkNIVw=","metasize":202,"blocklists":["OcNEFN08MqCeX0b8DcC/tkfJuGHm27NzbHz2uhueJQo="]},{"type":"File","path":"/source/volumes/focalboard_data/_data/files/0/b454q77kexffhzp9kecdmhyoyec/7iw4rxx7jj7bypmdotd9z469cyh.png","hash":"6tW2hethtDitmymLxias6EGaYUvbwXS31uFIOoXZKk0=","size":62702,"time":"20221109T055947Z","metahash":"36Z00YZeJc9dQ7rWEdmoeiFSdvOXWaBct3WnPXhFnBU=","metasize":202},{"type":"File","path":"/source/volumes/focalboard_data/_data/files/0/b454q77kexffhzp9kecdmhyoyec/7knxbyuiedtdafcgmropgkrtybr.gif","hash":"IQN0Yu+geGgclWWTkm4Flm915WOLxivfYWTiMTegzlg=","size":660888,"time":"20221109T055948Z","metahash":"fa84TrWlmftX8DUSNB4C7jEnHvePYrytYrMgWiBFgIQ=","metasize":202,"blocklists":["oLcAfyUTMyQPmEH2HKXXZpGJXVnRBuZQ2xohjuM87yA="]},{"type":"File","path":"/source/volumes/focalboard_data/_data/files/0/b49xndmtosfnk9qubfogsyn3dkh/74nt9eqzea3ydjjpgjtsxcjgrxc.gif","hash":"XS7zVQhF3K09xJdx5a86uK0pM6jCdsToJ8LunPv9mjU=","size":1194827,"time":"20221108T192132Z","metahash":"sneCfeLOgF7E/1Gd+6FWUGyi9+ie6QiXEZ6CxbkqyzQ=","metasize":202,"blocklists":["BAtvrpzqmJx4saUJYElEhUKnlLMJrdBWl57afSw/7P4="]},{"type":"File","path":"/source/volumes/focalboard_data/_data/files/0/b49xndmtosfnk9qubfogsyn3dkh/74uia99m9btr8peydw7oexn37tw.gif","hash":"Uk6L8gHoyIkr+hEM1lYXHgmSY8OtbbIBVHw0uDtfi0c=","size":1075628,"time":"20221108T192132Z","metahash":"gt4n3B8mP27DQWWIEBLYcbS21rD4oewfQmR2MuEyd2I=","metasize":202,"blocklists":["qephBcOFyenw9v1J8JX1A6ejoEzknj1sCN0m9qubPaI="]},{"type":"File","path":"/source/volumes/focalboard_data/_data/files/0/b49xndmtosfnk9qubfogsyn3dkh/78jws5m1myf8pufewzkaa6i11sc.gif","hash":"owXR3Xm+cchqQNCYohZRl870rHOJBgmv2bdjrshiM2s=","size":811674,"time":"20221108T192132Z","metahash":"eLXmCvlKarVzUsa/V0S8hhcIupTygb3vdQ0trYiTcgE=","metasize":202,"blocklists":["0VJwnvFx4mBqXay3zZPX5LWiPs6bI4/N03O/r0EuY20="]},{"type":"File","path":"/source/volumes/focalboard_data/_data/files/0/b49xndmtosfnk9qubfogsyn3dkh/7d6hrtig3zt8f9cnbo1um5oxx3y.gif","hash":"KxBki4Ksh+nSCltovdo8lJH5DAx/PZWeRASNkLwYAPU=","size":1043549,"time":"20221108T192132Z","metahash":"1KwJOK59TSg8UCPWnMfOf8T2kWytP2J+Er9KBDKnLA8=","metasize":202,"blocklists":["86U59OFuaMfzK8iW6pIUIzxuFRz5JGMpEEfNYMYdk34="]},{"type":"File","path":"/source/volumes/focalboard_data/_data/files/0/b49xndmtosfnk9qubfogsyn3dkh/7dybb6t8fj3nrdft7nerhuf784y.png","hash":"KLHET5iak3FQQkZYPAcgyO8CDDo5orwXSZb4XGHI24E=","size":48635,"time":"20221108T192133Z","metahash":"fO3nMrjKDQC9JyHim49aapPdJmBOCwnHqrKWsCxYI+Q=","metasize":202},{"type":"File","path":"/source/volumes/focalboard_data/_data/files/0/b49xndmtosfnk9qubfogsyn3dkh/7ek6wbpp19jfoujs1goh6kttbby.gif","hash":"vsz9bixPpVvR3un3EytIDD9pcQ1eZEqMCcapAMVscik=","size":648291,"time":"20221108T192133Z","metahash":"AzDPR0drsczYyHMfm4UBA+dKfAV8tM8SlKXXRvE2uZY=","metasize":202,"blocklists":["OcNEFN08MqCeX0b8DcC/tkfJuGHm27NzbHz2uhueJQo="]},{"type":"File","path":"/source/volumes/focalboard_data/_data/files/0/b49xndmtosfnk9qubfogsyn3dkh/7iw4rxx7jj7bypmdotd9z469cyh.png","hash":"6tW2hethtDitmymLxias6EGaYUvbwXS31uFIOoXZKk0=","size":62702,"time":"20221108T192133Z","metahash":"XWMivOa91wqXBKegRt1+SGxp2od9OArjLGRaImt6L80=","metasize":202},{"type":"File","path":"/source/volumes/focalboard_data/_data/files/0/b49xndmtosfnk9qubfogsyn3dkh/7knxbyuiedtdafcgmropgkrtybr.gif","hash":"IQN0Yu+geGgclWWTkm4Flm915WOLxivfYWTiMTegzlg=","size":660888,"time":"20221108T192133Z","metahash":"b1fQEI2QdLOobGw5lIXRBcQuzblbLDNX9G2IOgjghRM=","metasize":202,"blocklists":["oLcAfyUTMyQPmEH2HKXXZpGJXVnRBuZQ2xohjuM87yA="]},{"type":"File","path":"/source/volumes/focalboard_data/_data/files/0/b7mq57gpbb7n8zgmfmqwbopdcpa/74nt9eqzea3ydjjpgjtsxcjgrxc.gif","hash":"XS7zVQhF3K09xJdx5a86uK0pM6jCdsToJ8LunPv9mjU=","size":1194827,"time":"20221110T182121Z","metahash":"EUy1O8sjMfG7qaFcLEYYSPuPwYbIpOwQQfh4qd3aDeE=","metasize":202,"blocklists":["BAtvrpzqmJx4saUJYElEhUKnlLMJrdBWl57afSw/7P4="]},{"type":"File","path":"/source/volumes/focalboard_data/_data/files/0/b7mq57gpbb7n8zgmfmqwbopdcpa/74uia99m9btr8peydw7oexn37tw.gif","hash":"Uk6L8gHoyIkr+hEM1lYXHgmSY8OtbbIBVHw0uDtfi0c=","size":1075628,"time":"20221110T182122Z","metahash":"D0XXEd1jIzm2ekFtgCLEf1xBfPZJYy2if1S4GhE2GHA=","metasize":202,"blocklists":["qephBcOFyenw9v1J8JX1A6ejoEzknj1sCN0m9qubPaI="]},{"type":"File","path":"/source/volumes/focalboard_data/_data/files/0/b7mq57gpbb7n8zgmfmqwbopdcpa/78jws5m1myf8pufewzkaa6i11sc.gif","hash":"owXR3Xm+cchqQNCYohZRl870rHOJBgmv2bdjrshiM2s=","size":811674,"time":"20221110T182122Z","metahash":"gwGLS9qIwRtTSOm6JZOE7hMe4JXH5oQxVAIHjG/eEss=","metasize":202,"blocklists":["0VJwnvFx4mBqXay3zZPX5LWiPs6bI4/N03O/r0EuY20="]},{"type":"File","path":"/source/volumes/focalboard_data/_data/files/0/b7mq57gpbb7n8zgmfmqwbopdcpa/7d6hrtig3zt8f9cnbo1um5oxx3y.gif","hash":"KxBki4Ksh+nSCltovdo8lJH5DAx/PZWeRASNkLwYAPU=","size":1043549,"time":"20221110T182122Z","metahash":"3JteUZEfqp3XoMjkugPh8z8jROZOaIlOnVVH+XPqjRI=","metasize":202,"blocklists":["86U59OFuaMfzK8iW6pIUIzxuFRz5JGMpEEfNYMYdk34="]},{"type":"File","path":"/source/volumes/focalboard_data/_data/files/0/b7mq57gpbb7n8zgmfmqwbopdcpa/7dybb6t8fj3nrdft7nerhuf784y.png","hash":"KLHET5iak3FQQkZYPAcgyO8CDDo5orwXSZb4XGHI24E=","size":48635,"time":"20221110T182122Z","metahash":"DK5X1d3XC7qnStHmjNmPZfVKmThBiWA0Mos0piLCDXo=","metasize":202},{"type":"File","path":"/source/volumes/focalboard_data/_data/files/0/b7mq57gpbb7n8zgmfmqwbopdcpa/7ek6wbpp19jfoujs1goh6kttbby.gif","hash":"vsz9bixPpVvR3un3EytIDD9pcQ1eZEqMCcapAMVscik=","size":648291,"time":"20221110T182122Z","metahash":"jcSJKEur2jTLX/hdRV1+SUvloBotHe7IQct84F5CKVI=","metasize":202,"blocklists":["OcNEFN08MqCeX0b8DcC/tkfJuGHm27NzbHz2uhueJQo="]},{"type":"File","path":"/source/volumes/focalboard_data/_data/files/0/b7mq57gpbb7n8zgmfmqwbopdcpa/7iw4rxx7jj7bypmdotd9z469cyh.png","hash":"6tW2hethtDitmymLxias6EGaYUvbwXS31uFIOoXZKk0=","size":62702,"time":"20221110T182122Z","metahash":"B9x6HoDmnlOW/TJDC/XS9qSy/a0PAmr+IJ4HSvbJ7qM=","metasize":202},{"type":"File","path":"/source/volumes/focalboard_data/_data/files/0/b7mq57gpbb7n8zgmfmqwbopdcpa/7knxbyuiedtdafcgmropgkrtybr.gif","hash":"IQN0Yu+geGgclWWTkm4Flm915WOLxivfYWTiMTegzlg=","size":660888,"time":"20221110T182123Z","metahash":"gP4TqwuhaiJ20Yro0nQeHRPCvy2rbJckGySQvsCAj+Q=","metasize":202,"blocklists":["oLcAfyUTMyQPmEH2HKXXZpGJXVnRBuZQ2xohjuM87yA="]},{"type":"File","path":"/source/volumes/focalboard_data/_data/files/0/b7zxmyoszktrxf874r34gdw4oze/76fwrj36hptg6dywka4k5mt3sph.png","hash":"hj+8VM1yDqRcNP8mjsAV9HjfkkVGT+lwYKQWCbsQStg=","size":513945,"time":"20221109T055944Z","metahash":"9UKDd8A7FFOf1v4ubOIP3RtH46ZA3xlkpJqFweg+urU=","metasize":202,"blocklists":["lSLIOfI+89p03cKWY4yODlS0XqYX4M2GfjTt1v0BtSM="]},{"type":"File","path":"/source/volumes/focalboard_data/_data/files/0/bcsq3qm88y7d4intee3f5ira6qh/76fwrj36hptg6dywka4k5mt3sph.png","hash":"hj+8VM1yDqRcNP8mjsAV9HjfkkVGT+lwYKQWCbsQStg=","size":513945,"time":"20221110T182119Z","metahash":"msIXkE2hI4/brywKl1Cy4BEc+o8C4oiGwYC7yTxQCWk=","metasize":202,"blocklists":["lSLIOfI+89p03cKWY4yODlS0XqYX4M2GfjTt1v0BtSM="]},{"type":"File","path":"/source/volumes/focalboard_data/_data/files/0/bdcygethi83fgxgn5kmcy3u4peh/77pe9r4ckbin438ph3f18bpatua.png","hash":"n6eIsAJ7G/T9IayRuv197Qan3D0mv+d5SsP2sDlk6hY=","size":2484,"time":"20221109T055945Z","metahash":"LSkKKYFMKfWG7O16fAn9RaOzy9CduOOwScM1nVc+8+M=","metasize":202},{"type":"File","path":"/source/volumes/focalboard_data/_data/files/0/bdcygethi83fgxgn5kmcy3u4peh/7pbp4qg415pbstc6enzeicnu3qh.png","hash":"uir/wS4P1oju0FqQC8qUP5/FHvGtJQoGMLY9R89euho=","size":112926,"time":"20221109T055945Z","metahash":"PSZtrIv9bJPwX3PjILur0AekDgpgT7s8xfDCC0gao8g=","metasize":202,"blocklists":["sF4N4uojanwqwxWX0e0YtPBmaswUx7Ei3RVLg7GCdDE="]},{"type":"File","path":"/source/volumes/focalboard_data/_data/files/0/bfmcdy8j1b3dmtr8c7pxf1o7pyh/76fwrj36hptg6dywka4k5mt3sph.png","hash":"hj+8VM1yDqRcNP8mjsAV9HjfkkVGT+lwYKQWCbsQStg=","size":513945,"time":"20221108T191103Z","metahash":"Wg2SztKlBjxYtJdTtAxXLhdFM4G3TiMhlqdc6v+kq6o=","metasize":202,"blocklists":["lSLIOfI+89p03cKWY4yODlS0XqYX4M2GfjTt1v0BtSM="]},{"type":"File","path":"/source/volumes/focalboard_data/_data/files/0/bga3jq5p8gffzi8ysjfmt9g8p4e/7y5kr8x8ybpnwdykjfuz57rggrh.png","hash":"xkXymOFeyJKKcsBiG6anpn+isg8FItau5PS3pifNbpg=","size":58043,"time":"20221110T182120Z","metahash":"KjyDkGnijnju8Vh0sNC4QiAbtO3tTxlyBejio0OY+P4=","metasize":202},{"type":"File","path":"/source/volumes/focalboard_data/_data/files/0/bgrwnzmi53jbrbpbj6woy5am9xc/7y5kr8x8ybpnwdykjfuz57rggrh.png","hash":"xkXymOFeyJKKcsBiG6anpn+isg8FItau5PS3pifNbpg=","size":58043,"time":"20221109T055945Z","metahash":"JY10bDBmw+HQcHF3MUUiU2DFujDr+0Vs65UGBpLYbEk=","metasize":202},{"type":"File","path":"/source/volumes/focalboard_data/_data/files/0/bhzcyg17xqprr3nuqi3od1oq8na/74nt9eqzea3ydjjpgjtsxcjgrxc.gif","hash":"XS7zVQhF3K09xJdx5a86uK0pM6jCdsToJ8LunPv9mjU=","size":1194827,"time":"20221108T191106Z","metahash":"YW/em+v5VG+/r6w637zmfJWlnjmEk2xav5hXq9LBsTo=","metasize":202,"blocklists":["BAtvrpzqmJx4saUJYElEhUKnlLMJrdBWl57afSw/7P4="]},{"type":"File","path":"/source/volumes/focalboard_data/_data/files/0/bhzcyg17xqprr3nuqi3od1oq8na/74uia99m9btr8peydw7oexn37tw.gif","hash":"Uk6L8gHoyIkr+hEM1lYXHgmSY8OtbbIBVHw0uDtfi0c=","size":1075628,"time":"20221108T191106Z","metahash":"YW/em+v5VG+/r6w637zmfJWlnjmEk2xav5hXq9LBsTo=","metasize":202,"blocklists":["qephBcOFyenw9v1J8JX1A6ejoEzknj1sCN0m9qubPaI="]},{"type":"File","path":"/source/volumes/focalboard_data/_data/files/0/bhzcyg17xqprr3nuqi3od1oq8na/78jws5m1myf8pufewzkaa6i11sc.gif","hash":"owXR3Xm+cchqQNCYohZRl870rHOJBgmv2bdjrshiM2s=","size":811674,"time":"20221108T191106Z","metahash":"YW/em+v5VG+/r6w637zmfJWlnjmEk2xav5hXq9LBsTo=","metasize":202,"blocklists":["0VJwnvFx4mBqXay3zZPX5LWiPs6bI4/N03O/r0EuY20="]},{"type":"File","path":"/source/volumes/focalboard_data/_data/files/0/bhzcyg17xqprr3nuqi3od1oq8na/7d6hrtig3zt8f9cnbo1um5oxx3y.gif","hash":"KxBki4Ksh+nSCltovdo8lJH5DAx/PZWeRASNkLwYAPU=","size":1043549,"time":"20221108T191106Z","metahash":"YW/em+v5VG+/r6w637zmfJWlnjmEk2xav5hXq9LBsTo=","metasize":202,"blocklists":["86U59OFuaMfzK8iW6pIUIzxuFRz5JGMpEEfNYMYdk34="]},{"type":"File","path":"/source/volumes/focalboard_data/_data/files/0/bhzcyg17xqprr3nuqi3od1oq8na/7dybb6t8fj3nrdft7nerhuf784y.png","hash":"KLHET5iak3FQQkZYPAcgyO8CDDo5orwXSZb4XGHI24E=","size":48635,"time":"20221108T191106Z","metahash":"YW/em+v5VG+/r6w637zmfJWlnjmEk2xav5hXq9LBsTo=","metasize":202},{"type":"File","path":"/source/volumes/focalboard_data/_data/files/0/bhzcyg17xqprr3nuqi3od1oq8na/7ek6wbpp19jfoujs1goh6kttbby.gif","hash":"vsz9bixPpVvR3un3EytIDD9pcQ1eZEqMCcapAMVscik=","size":648291,"time":"20221108T191107Z","metahash":"ohho6QeczRsJz3rmMO1wXMHfhb1wZNtV6xvRsqs55rs=","metasize":202,"blocklists":["OcNEFN08MqCeX0b8DcC/tkfJuGHm27NzbHz2uhueJQo="]},{"type":"File","path":"/source/volumes/focalboard_data/_data/files/0/bhzcyg17xqprr3nuqi3od1oq8na/7iw4rxx7jj7bypmdotd9z469cyh.png","hash":"6tW2hethtDitmymLxias6EGaYUvbwXS31uFIOoXZKk0=","size":62702,"time":"20221108T191107Z","metahash":"ohho6QeczRsJz3rmMO1wXMHfhb1wZNtV6xvRsqs55rs=","metasize":202},{"type":"File","path":"/source/volumes/focalboard_data/_data/files/0/bhzcyg17xqprr3nuqi3od1oq8na/7knxbyuiedtdafcgmropgkrtybr.gif","hash":"IQN0Yu+geGgclWWTkm4Flm915WOLxivfYWTiMTegzlg=","size":660888,"time":"20221108T191107Z","metahash":"ohho6QeczRsJz3rmMO1wXMHfhb1wZNtV6xvRsqs55rs=","metasize":202,"blocklists":["oLcAfyUTMyQPmEH2HKXXZpGJXVnRBuZQ2xohjuM87yA="]},{"type":"File","path":"/source/volumes/focalboard_data/_data/files/0/bi91af8bbwfb79qo3ttpun3b3ja/7y5kr8x8ybpnwdykjfuz57rggrh.png","hash":"xkXymOFeyJKKcsBiG6anpn+isg8FItau5PS3pifNbpg=","size":58043,"time":"20221108T192130Z","metahash":"N/zFMxXUfxms0X8IpnFOcQ+YVpgxLftWfWEiBrCznlo=","metasize":202},{"type":"File","path":"/source/volumes/focalboard_data/_data/files/0/bqpa9zgr6nfd3idpid7qqdnuysh/7y5kr8x8ybpnwdykjfuz57rggrh.png","hash":"xkXymOFeyJKKcsBiG6anpn+isg8FItau5PS3pifNbpg=","size":58043,"time":"20221108T184524Z","metahash":"YuM3Q9136iM829q/fe9UMNfoeNwPw4O9Y+ZiXDdzDwA=","metasize":202},{"type":"File","path":"/source/volumes/focalboard_data/_data/files/0/bsa1ij8mt67dqbxasgxmp3gf78h/77pe9r4ckbin438ph3f18bpatua.png","hash":"n6eIsAJ7G/T9IayRuv197Qan3D0mv+d5SsP2sDlk6hY=","size":2484,"time":"20221108T191105Z","metahash":"iWAhhLhUcAP91H8lo/0ZEIdfIyyn7h8TmnH31y8V3w8=","metasize":202},{"type":"File","path":"/source/volumes/focalboard_data/_data/files/0/bsa1ij8mt67dqbxasgxmp3gf78h/7pbp4qg415pbstc6enzeicnu3qh.png","hash":"uir/wS4P1oju0FqQC8qUP5/FHvGtJQoGMLY9R89euho=","size":112926,"time":"20221108T191105Z","metahash":"iWAhhLhUcAP91H8lo/0ZEIdfIyyn7h8TmnH31y8V3w8=","metasize":202,"blocklists":["sF4N4uojanwqwxWX0e0YtPBmaswUx7Ei3RVLg7GCdDE="]},{"type":"File","path":"/source/volumes/focalboard_data/_data/files/0/bsno9hd1igin9unhwzrgr917rch/76fwrj36hptg6dywka4k5mt3sph.png","hash":"hj+8VM1yDqRcNP8mjsAV9HjfkkVGT+lwYKQWCbsQStg=","size":513945,"time":"20221108T192129Z","metahash":"38ezzR+ZGvg4PuafWu4qHJvMyb9+X+nIN4Zj+bhHLZU=","metasize":202,"blocklists":["lSLIOfI+89p03cKWY4yODlS0XqYX4M2GfjTt1v0BtSM="]},{"type":"File","path":"/source/volumes/focalboard_data/_data/files/0/bstxpyxbxqjdnzfr3ii1nuxhinh/77pe9r4ckbin438ph3f18bpatua.png","hash":"n6eIsAJ7G/T9IayRuv197Qan3D0mv+d5SsP2sDlk6hY=","size":2484,"time":"20221110T182120Z","metahash":"CNPiL2A+bIiL8DJeTgPWlr51yeI4tYMCClCCp88vlYU=","metasize":202},{"type":"File","path":"/source/volumes/focalboard_data/_data/files/0/bstxpyxbxqjdnzfr3ii1nuxhinh/7pbp4qg415pbstc6enzeicnu3qh.png","hash":"uir/wS4P1oju0FqQC8qUP5/FHvGtJQoGMLY9R89euho=","size":112926,"time":"20221110T182120Z","metahash":"RXilzgUcZbQjnj76+tddZJ6cPyKp/wVtU3omCqJQLwM=","metasize":202,"blocklists":["sF4N4uojanwqwxWX0e0YtPBmaswUx7Ei3RVLg7GCdDE="]},{"type":"File","path":"/source/volumes/focalboard_data/_data/files/0/bu67dcpznb7r9zr8abnhorznwia/74nt9eqzea3ydjjpgjtsxcjgrxc.gif","hash":"XS7zVQhF3K09xJdx5a86uK0pM6jCdsToJ8LunPv9mjU=","size":1194827,"time":"20221108T184525Z","metahash":"xqIHLjFxw2X2GpoxcVYs7M3y6Nnx227u3m9UCwzAeos=","metasize":202,"blocklists":["BAtvrpzqmJx4saUJYElEhUKnlLMJrdBWl57afSw/7P4="]},{"type":"File","path":"/source/volumes/focalboard_data/_data/files/0/bu67dcpznb7r9zr8abnhorznwia/74uia99m9btr8peydw7oexn37tw.gif","hash":"Uk6L8gHoyIkr+hEM1lYXHgmSY8OtbbIBVHw0uDtfi0c=","size":1075628,"time":"20221108T184525Z","metahash":"xqIHLjFxw2X2GpoxcVYs7M3y6Nnx227u3m9UCwzAeos=","metasize":202,"blocklists":["qephBcOFyenw9v1J8JX1A6ejoEzknj1sCN0m9qubPaI="]},{"type":"File","path":"/source/volumes/focalboard_data/_data/files/0/bu67dcpznb7r9zr8abnhorznwia/78jws5m1myf8pufewzkaa6i11sc.gif","hash":"owXR3Xm+cchqQNCYohZRl870rHOJBgmv2bdjrshiM2s=","size":811674,"time":"20221108T184526Z","metahash":"JZuneLD/chL2M9CvOc9YPinghr/jR6CnYZeE83eqULQ=","metasize":202,"blocklists":["0VJwnvFx4mBqXay3zZPX5LWiPs6bI4/N03O/r0EuY20="]},{"type":"File","path":"/source/volumes/focalboard_data/_data/files/0/bu67dcpznb7r9zr8abnhorznwia/7d6hrtig3zt8f9cnbo1um5oxx3y.gif","hash":"KxBki4Ksh+nSCltovdo8lJH5DAx/PZWeRASNkLwYAPU=","size":1043549,"time":"20221108T184526Z","metahash":"JZuneLD/chL2M9CvOc9YPinghr/jR6CnYZeE83eqULQ=","metasize":202,"blocklists":["86U59OFuaMfzK8iW6pIUIzxuFRz5JGMpEEfNYMYdk34="]},{"type":"File","path":"/source/volumes/focalboard_data/_data/files/0/bu67dcpznb7r9zr8abnhorznwia/7dybb6t8fj3nrdft7nerhuf784y.png","hash":"KLHET5iak3FQQkZYPAcgyO8CDDo5orwXSZb4XGHI24E=","size":48635,"time":"20221108T184526Z","metahash":"JZuneLD/chL2M9CvOc9YPinghr/jR6CnYZeE83eqULQ=","metasize":202},{"type":"File","path":"/source/volumes/focalboard_data/_data/files/0/bu67dcpznb7r9zr8abnhorznwia/7ek6wbpp19jfoujs1goh6kttbby.gif","hash":"vsz9bixPpVvR3un3EytIDD9pcQ1eZEqMCcapAMVscik=","size":648291,"time":"20221108T184526Z","metahash":"JZuneLD/chL2M9CvOc9YPinghr/jR6CnYZeE83eqULQ=","metasize":202,"blocklists":["OcNEFN08MqCeX0b8DcC/tkfJuGHm27NzbHz2uhueJQo="]},{"type":"File","path":"/source/volumes/focalboard_data/_data/files/0/bu67dcpznb7r9zr8abnhorznwia/7iw4rxx7jj7bypmdotd9z469cyh.png","hash":"6tW2hethtDitmymLxias6EGaYUvbwXS31uFIOoXZKk0=","size":62702,"time":"20221108T184526Z","metahash":"JZuneLD/chL2M9CvOc9YPinghr/jR6CnYZeE83eqULQ=","metasize":202},{"type":"File","path":"/source/volumes/focalboard_data/_data/files/0/bu67dcpznb7r9zr8abnhorznwia/7knxbyuiedtdafcgmropgkrtybr.gif","hash":"IQN0Yu+geGgclWWTkm4Flm915WOLxivfYWTiMTegzlg=","size":660888,"time":"20221108T184526Z","metahash":"JZuneLD/chL2M9CvOc9YPinghr/jR6CnYZeE83eqULQ=","metasize":202,"blocklists":["oLcAfyUTMyQPmEH2HKXXZpGJXVnRBuZQ2xohjuM87yA="]},{"type":"File","path":"/source/volumes/focalboard_data/_data/files/0/bud4f7ddco7fi8pu7n3b4qwq14y/77pe9r4ckbin438ph3f18bpatua.png","hash":"n6eIsAJ7G/T9IayRuv197Qan3D0mv+d5SsP2sDlk6hY=","size":2484,"time":"20221108T184524Z","metahash":"YuM3Q9136iM829q/fe9UMNfoeNwPw4O9Y+ZiXDdzDwA=","metasize":202},{"type":"File","path":"/source/volumes/focalboard_data/_data/files/0/bud4f7ddco7fi8pu7n3b4qwq14y/7pbp4qg415pbstc6enzeicnu3qh.png","hash":"uir/wS4P1oju0FqQC8qUP5/FHvGtJQoGMLY9R89euho=","size":112926,"time":"20221108T184524Z","metahash":"YuM3Q9136iM829q/fe9UMNfoeNwPw4O9Y+ZiXDdzDwA=","metasize":202,"blocklists":["sF4N4uojanwqwxWX0e0YtPBmaswUx7Ei3RVLg7GCdDE="]},{"type":"File","path":"/source/volumes/focalboard_data/_data/files/0/bw4mtnj7bg3fd7jd48y9fdg78zw/77pe9r4ckbin438ph3f18bpatua.png","hash":"n6eIsAJ7G/T9IayRuv197Qan3D0mv+d5SsP2sDlk6hY=","size":2484,"time":"20221108T192131Z","metahash":"m1DwbHWEYYsWC4AaLpQ6zKZyf6E8DAnGtwUlv0bEVYg=","metasize":202},{"type":"File","path":"/source/volumes/focalboard_data/_data/files/0/bw4mtnj7bg3fd7jd48y9fdg78zw/7pbp4qg415pbstc6enzeicnu3qh.png","hash":"uir/wS4P1oju0FqQC8qUP5/FHvGtJQoGMLY9R89euho=","size":112926,"time":"20221108T192131Z","metahash":"BJsZe1EDULVpn4Q69ckKUxjGZi1zHR124iX+AL/QKfQ=","metasize":202,"blocklists":["sF4N4uojanwqwxWX0e0YtPBmaswUx7Ei3RVLg7GCdDE="]},{"type":"File","path":"/source/volumes/focalboard_data/_data/files/0/bwgz1q9y53pdt8p9p4jd6krka6h/7y5kr8x8ybpnwdykjfuz57rggrh.png","hash":"xkXymOFeyJKKcsBiG6anpn+isg8FItau5PS3pifNbpg=","size":58043,"time":"20221108T191104Z","metahash":"Gi3d86N0vWCAa1caw0xcmMECQVw5noud6MHQKteyt8E=","metasize":202},{"type":"File","path":"/source/volumes/focalboard_data/_data/focalboard.db","hash":"PSfD65V/nz6JtagMWE5oCHqcn+QKLBoKls0hIZkMxaY=","size":602112,"time":"20221110T182259Z","metahash":"PtlEUJt5MbdF9H2mPS86XTUaa7hkg8cYc2RDY8nQKZE=","metasize":204,"blocklists":["dxcvVFn4jUF29VnTw9Ct2n4KlV+06iCRT2jtnpt2+Q0="]}]